INDEX,YEAR,met_week,MAX,MIN,RF,day_count
42933,2015,1,25.26,14.67,57.3,7
42933,2015,2,28.67,8.97,0.0,7
42933,2015,3,28.99,12.47,0.0,7
42933,2015,4,29.3,17.41,0.4,7
42933,2015,5,30.91,14.89,0.0,7
42933,2015,6,30.57,17.46,5.0,7
42933,2015,7,31.76,14.9,0.0,7
42933,2015,8,35.9,17.24,0.0,7
42933,2015,9,30.96,17.19,31.0,7
42933,2015,10,33.54,17.2,1.1,7
42933,2015,11,32.59,19.73,11.8,7
42933,2015,12,37.69,21.21,0.0,7
42933,2015,13,39.19,22.19,1.4,7
42933,2015,14,38.0,23.17,0.0,7
42933,2015,15,36.0,21.67,62.5,7
42933,2015,16,38.51,24.1,0.0,7
42933,2015,17,41.27,26.67,0.0,7
42933,2015,18,42.7,27.24,0.0,7
42933,2015,19,43.27,27.21,2.2,7
42933,2015,20,42.03,28.56,0.0,7
42933,2015,21,43.87,29.69,0.0,7
42933,2015,22,44.09,30.23,0.0,7
42933,2015,23,41.66,29.41,1.3,7
42933,2015,24,36.4,24.41,93.6,7
42933,2015,25,33.21,24.4,65.7,7
42933,2015,26,35.91,25.83,0.3,7
42933,2015,27,36.01,26.13,0.0,7
42933,2015,28,36.63,27.11,0.0,7
42933,2015,29,33.36,25.77,22.4,7
42933,2015,30,31.71,23.41,92.0,7
42933,2015,31,31.46,23.39,218.7,7
42933,2015,32,29.43,23.66,37.7,7
42933,2015,33,31.27,24.19,33.8,7
42933,2015,34,33.83,23.81,0.0,7
42933,2015,35,32.19,24.11,16.9,7
42933,2015,36,33.93,23.49,40.9,7
42933,2015,37,34.91,23.56,38.9,7
42933,2015,38,31.69,23.13,57.3,7
42933,2015,39,33.71,22.44,5.8,7
42933,2015,40,36.07,22.66,5.2,7
42933,2015,41,37.27,20.79,0.0,7
42933,2015,42,37.21,20.96,0.2,7
42933,2015,43,36.13,21.83,0.0,7
42933,2015,44,33.89,20.57,0.0,7
42933,2015,45,34.97,19.83,0.0,7
42933,2015,46,34.73,17.4,0.0,7
42933,2015,47,33.6,19.61,0.0,7
42933,2015,48,34.47,18.91,0.0,7
42933,2015,49,33.5,14.69,0.0,7
42933,2015,50,33.17,17.87,0.0,7
42933,2015,51,31.63,15.51,0.0,7
42933,2015,52,30.5,9.87,0.0,7
42933,2015,53,34.6,13.0,0.0,1
42933,2016,1,33.5,13.03,0.0,7
42933,2016,2,32.1,15.93,0.0,7
42933,2016,3,30.86,16.94,0.0,7
42933,2016,4,29.81,10.69,0.0,7
42933,2016,5,33.64,14.24,0.0,7
42933,2016,6,34.0,16.76,0.0,7
42933,2016,7,34.66,18.01,0.0,7
42933,2016,8,37.03,20.63,0.0,7
42933,2016,9,37.11,21.8,0.0,7
42933,2016,10,37.5,21.76,0.0,7
42933,2016,11,37.5,22.16,0.0,7
42933,2016,12,39.41,21.6,0.0,7
42933,2016,13,41.77,23.11,1.2,7
42933,2016,14,42.31,25.66,0.0,7
42933,2016,15,41.63,27.4,0.0,7
42933,2016,16,43.99,27.76,0.0,7
42933,2016,17,42.2,26.77,0.0,7
42933,2016,18,44.03,28.64,0.0,7
42933,2016,19,40.79,25.54,12.3,7
42933,2016,20,44.6,29.89,1.1,7
42933,2016,21,42.63,29.46,0.2,7
42933,2016,22,41.17,29.34,0.0,7
42933,2016,23,42.17,27.74,30.1,7
42933,2016,24,37.43,28.97,0.0,7
42933,2016,25,36.19,25.2,161.0,7
42933,2016,26,34.37,25.4,34.5,7
42933,2016,27,31.99,25.21,49.2,7
42933,2016,28,28.26,23.96,180.0,7
42933,2016,29,32.5,24.87,8.0,7
42933,2016,30,31.74,23.8,182.4,7
42933,2016,31,30.17,24.13,87.0,7
42933,2016,32,31.41,24.1,12.9,7
42933,2016,33,31.81,23.47,5.1,7
42933,2016,34,31.71,23.34,21.2,7
42933,2016,35,33.47,24.7,7.9,7
42933,2016,36,32.17,22.86,2.6,7
42933,2016,37,32.27,23.9,28.2,7
42933,2016,38,32.14,23.9,65.3,7
42933,2016,39,32.56,23.77,20.8,7
42933,2016,40,30.77,23.36,73.5,7
42933,2016,41,32.13,22.69,29.0,7
42933,2016,42,33.9,18.54,0.0,7
42933,2016,43,34.34,18.06,0.0,7
42933,2016,44,33.11,15.73,0.0,7
42933,2016,45,32.67,14.53,0.0,7
42933,2016,46,31.96,13.93,0.0,7
42933,2016,47,32.43,12.19,0.0,7
42933,2016,48,33.66,12.67,0.0,7
42933,2016,49,31.64,13.56,0.0,7
42933,2016,50,32.06,11.93,0.0,7
42933,2016,51,30.77,11.81,0.0,7
42933,2016,52,30.71,9.89,0.0,7
42933,2016,53,32.1,11.7,0.0,2
42933,2017,1,31.16,11.36,0.0,7
42933,2017,2,28.06,10.53,0.0,7
42933,2017,3,30.76,15.04,0.0,7
42933,2017,4,32.71,16.14,0.0,7
42933,2017,5,33.43,14.44,0.0,7
42933,2017,6,34.23,16.06,0.0,7
42933,2017,7,34.49,17.8,0.0,7
42933,2017,8,36.49,16.36,0.0,7
42933,2017,9,36.73,17.49,0.0,7
42933,2017,10,35.96,18.86,0.0,7
42933,2017,11,34.44,16.66,0.0,7
42933,2017,12,38.71,19.8,0.0,7
42933,2017,13,43.04,24.79,0.0,7
42933,2017,14,41.37,24.01,0.0,7
42933,2017,15,43.43,23.1,0.0,7
42933,2017,16,43.86,26.69,0.0,7
42933,2017,17,41.53,25.53,0.0,7
42933,2017,18,43.93,27.29,0.0,7
42933,2017,19,44.54,30.2,0.0,7
42933,2017,20,43.99,29.74,0.0,7
42933,2017,21,44.13,30.73,0.0,7
42933,2017,22,41.36,28.89,9.9,7
42933,2017,23,37.76,25.2,74.0,7
42933,2017,24,37.07,24.31,58.0,7
42933,2017,25,37.91,26.61,22.0,7
42933,2017,26,34.23,25.13,54.4,7
42933,2017,27,34.67,25.23,8.9,7
42933,2017,28,32.56,24.76,41.3,7
42933,2017,29,31.27,24.39,68.8,7
42933,2017,30,31.09,23.37,25.2,7
42933,2017,31,33.03,24.43,6.3,7
42933,2017,32,32.29,24.19,3.4,7
42933,2017,33,31.83,23.94,34.5,7
42933,2017,34,30.64,23.87,30.8,7
42933,2017,35,32.13,23.59,67.4,7
42933,2017,36,33.99,24.57,3.2,7
42933,2017,37,33.2,24.13,38.3,7
42933,2017,38,32.04,23.01,23.0,7
42933,2017,39,36.34,23.37,11.8,7
42933,2017,40,35.81,22.7,4.4,7
42933,2017,41,33.29,23.44,32.1,7
42933,2017,42,35.34,21.2,0.0,7
42933,2017,43,35.24,17.44,0.0,7
42933,2017,44,33.66,16.1,0.0,7
42933,2017,45,32.86,15.87,0.0,7
42933,2017,46,32.73,17.74,0.0,7
42933,2017,47,33.16,17.77,0.0,7
42933,2017,48,32.09,13.99,0.0,7
42933,2017,49,31.44,16.89,0.0,7
42933,2017,50,32.54,16.44,0.0,7
42933,2017,51,31.19,11.29,0.0,7
42933,2017,52,31.3,10.13,0.0,6
42933,2018,1,14.21,7.94,3.7,7
42933,2018,2,32.94,17.8,0.0,7
42933,2018,3,36.73,22.6,7.8,7
42933,2018,4,36.97,21.61,0.0,7
42933,2018,5,39.17,20.9,0.0,7
42933,2018,6,35.91,21.6,0.0,7
42933,2018,7,41.43,24.41,0.0,7
42933,2018,8,41.04,25.94,1.1,7
42933,2018,9,43.24,26.46,0.0,7
42933,2018,10,44.04,26.7,0.0,7
42933,2018,11,44.23,29.34,0.0,7
42933,2018,12,44.23,29.24,0.5,7
42933,2018,13,44.46,30.19,0.3,7
42933,2018,14,45.07,31.09,0.0,7
42933,2018,15,42.31,24.07,17.4,7
42933,2018,16,37.54,25.01,131.2,7
42933,2018,17,38.81,27.23,10.6,7
42933,2018,18,35.57,24.64,116.8,7
42933,2018,19,33.17,24.01,109.0,7
42933,2018,20,31.77,23.79,61.6,7
42933,2018,21,28.87,23.56,158.7,7
42933,2018,22,29.21,23.49,62.0,7
42933,2018,23,30.54,23.26,24.9,7
42933,2018,24,33.21,23.79,14.6,7
42933,2018,25,31.59,23.99,4.7,7
42933,2018,26,28.61,23.47,139.1,7
42933,2018,27,29.03,22.27,64.4,7
42933,2018,28,29.96,22.7,8.8,7
42933,2018,29,31.44,21.43,1.4,7
42933,2018,30,34.71,22.57,4.0,7
42933,2018,31,33.16,22.9,67.8,7
42933,2018,32,35.34,22.69,12.8,7
42933,2018,33,36.53,22.24,0.0,7
42933,2018,34,36.6,19.56,0.0,7
42933,2018,35,36.44,20.69,0.0,7
42933,2018,36,36.03,18.19,0.0,7
42933,2018,37,34.16,20.01,4.7,7
42933,2018,38,34.5,15.81,3.7,7
42933,2018,39,35.03,15.53,0.0,7
42933,2018,40,33.06,17.09,4.3,7
42933,2018,41,31.37,14.17,0.0,7
42933,2018,42,31.36,17.59,0.0,7
42933,2018,43,29.4,12.81,0.0,7
42933,2018,44,29.29,11.81,0.0,7
42933,2018,45,28.83,9.84,0.0,7
42933,2019,1,31.44,10.4,0.0,7
42933,2019,2,30.03,10.93,0.0,7
42933,2019,3,32.11,11.54,0.0,7
42933,2019,4,28.11,14.33,0.0,7
42933,2019,5,30.63,12.36,0.0,7
42933,2019,6,32.34,13.96,0.0,7
42933,2019,7,34.37,16.3,0.0,7
42933,2019,8,37.09,19.1,1.6,7
42933,2019,9,34.46,18.06,0.0,7
42933,2019,10,35.43,17.47,0.0,7
42933,2019,11,38.09,20.99,0.0,7
42933,2019,12,39.5,20.66,0.0,7
42933,2019,13,42.21,22.31,0.0,7
42933,2019,14,43.01,25.04,0.0,7
42933,2019,15,43.26,22.6,0.0,7
42933,2019,16,39.91,23.31,2.4,7
42933,2019,17,46.57,27.09,0.0,7
42933,2019,18,42.84,27.97,0.0,7
42933,2019,19,43.01,27.91,0.0,7
42933,2019,20,43.67,28.21,0.0,7
42933,2019,21,44.93,30.09,0.0,7
42933,2019,22,45.47,26.31,0.0,7
42933,2019,23,43.99,28.64,17.1,7
42933,2019,24,42.03,28.94,7.3,7
42933,2019,25,38.19,26.2,45.5,7
42933,2019,26,34.76,23.86,142.7,7
42933,2019,27,30.9,22.99,66.6,7
42933,2019,28,34.7,24.1,29.2,7
42933,2019,29,35.93,24.77,37.5,7
42933,2019,30,31.4,23.76,130.2,7
42933,2019,31,28.9,22.43,103.7,7
42933,2019,32,30.31,22.64,78.7,7
42933,2019,33,31.74,22.81,16.7,7
42933,2019,34,29.77,22.89,42.4,7
42933,2019,35,31.09,22.4,64.9,7
42933,2019,36,30.8,23.26,21.6,7
42933,2019,37,29.67,22.47,36.5,7
42933,2019,38,31.54,22.0,147.9,7
42933,2019,39,32.04,22.23,144.3,7
42933,2019,40,33.61,22.14,1.8,7
42933,2019,41,33.57,21.41,0.0,7
42933,2019,42,31.81,20.31,10.2,7
42933,2019,43,27.51,20.61,70.5,7
42933,2019,44,31.34,21.39,27.9,7
42933,2019,45,32.57,20.31,0.0,7
42933,2019,46,31.4,16.33,0.0,7
42933,2019,47,31.97,15.53,0.0,7
42933,2019,48,31.84,16.26,0.0,7
42933,2019,49,30.67,14.81,0.0,7
42933,2019,50,30.84,16.39,1.1,7
42933,2019,51,28.6,15.83,0.0,7
42933,2019,52,27.29,14.0,0.0,7
42933,2019,53,25.4,13.2,2.1,1
42933,2020,1,24.86,12.79,0.9,7
42933,2020,2,29.03,12.69,0.0,7
42933,2020,3,29.59,13.79,0.0,7
42933,2020,4,32.71,16.01,0.0,7
42933,2020,5,29.5,14.03,0.0,7
42933,2020,6,29.34,15.26,0.0,7
42933,2020,7,34.01,15.2,0.0,7
42933,2020,8,35.81,17.73,0.0,7
42933,2020,9,34.77,16.44,3.2,7
42933,2020,10,34.77,18.56,2.2,7
42933,2020,11,35.0,19.39,0.0,7
42933,2020,12,37.43,19.91,4.2,7
42933,2020,13,38.07,21.77,8.3,7
42933,2020,14,40.2,22.57,1.6,7
42933,2020,15,41.8,24.13,0.0,7
42933,2020,16,42.97,25.41,0.0,7
42933,2020,17,42.2,26.33,0.0,7
42933,2020,18,43.7,26.74,0.0,7
42933,2020,19,43.51,26.96,2.4,7
42933,2020,20,42.59,27.71,1.1,7
42933,2020,21,45.36,29.3,0.0,7
42933,2020,22,43.63,28.3,0.5,7
42933,2020,23,36.16,24.1,14.8,7
42933,2020,24,36.59,23.54,112.7,7
42933,2020,25,35.09,25.0,5.1,7
42933,2020,26,35.6,23.87,53.1,7
42933,2020,27,34.96,24.24,29.0,7
42933,2020,28,34.27,24.89,79.9,7
42933,2020,29,32.09,24.56,86.5,7
42933,2020,30,33.01,25.04,15.6,7
42933,2020,31,33.39,24.81,53.6,7
42933,2020,32,31.97,24.7,41.1,7
42933,2020,33,27.76,23.1,100.7,7
42933,2020,34,30.19,23.27,43.3,7
42933,2020,35,31.06,23.37,29.8,7
42933,2020,36,34.4,24.26,60.3,7
42933,2020,37,34.09,24.17,59.3,7
42933,2020,38,33.83,24.44,82.2,7
42933,2020,39,32.87,23.5,25.6,7
42933,2020,40,35.56,23.6,0.0,7
42933,2020,41,33.81,23.83,37.7,7
42933,2020,42,33.2,24.37,4.2,7
42933,2020,43,34.79,21.9,1.4,7
42933,2020,44,34.37,17.56,0.0,7
42933,2020,45,33.66,14.17,0.0,7
42933,2020,46,33.6,17.46,0.0,7
42933,2020,47,33.3,18.76,3.8,7
42933,2020,48,31.74,17.67,0.0,7
42933,2020,49,33.09,13.76,0.0,7
42933,2020,50,31.11,18.03,0.3,7
42933,2020,51,30.34,13.9,0.0,7
42933,2020,52,30.99,12.14,0.0,7
42933,2020,53,29.7,15.2,0.0,2
42933,2021,1,30.21,17.13,2.3,7
42933,2021,2,32.73,17.7,0.8,7
42933,2021,3,33.09,17.16,0.0,7
42933,2021,4,32.71,15.47,0.0,7
42933,2021,5,32.09,13.6,0.0,7
42933,2021,6,32.46,12.47,0.0,7
42933,2021,7,33.59,17.36,0.0,7
42933,2021,8,33.33,16.0,0.0,7
42933,2021,9,37.63,18.26,0.0,7
42933,2021,10,39.27,19.2,0.0,7
42933,2021,11,38.66,21.54,0.0,7
42933,2021,12,36.41,19.9,12.4,7
42933,2021,13,41.29,21.19,0.0,7
42933,2021,14,42.16,23.21,0.0,7
42933,2021,15,40.24,23.09,2.7,7
42933,2021,16,40.93,25.44,0.0,7
42933,2021,17,42.56,26.59,0.0,7
42933,2021,18,41.4,26.71,0.0,7
42933,2021,19,41.74,27.49,0.0,7
42933,2021,20,39.63,26.44,13.4,7
42933,2021,21,41.31,26.99,0.8,7
42933,2021,22,39.26,26.04,14.8,7
42933,2021,23,36.46,23.69,107.8,7
42933,2021,24,36.24,23.07,73.0,7
42933,2021,25,34.29,23.71,13.1,7
42933,2021,26,35.46,24.29,15.3,7
42933,2021,27,37.79,24.77,18.0,7
42933,2021,28,32.01,23.19,91.7,7
42933,2021,29,31.97,23.4,225.4,7
42933,2021,30,30.11,22.8,53.0,7
42933,2021,31,30.41,22.63,18.2,7
42933,2021,32,33.87,22.86,1.4,7
42933,2021,33,31.93,22.23,74.4,7
42933,2021,34,31.29,23.23,29.2,7
42933,2021,35,32.21,24.99,65.2,7
42933,2021,36,31.73,24.84,99.1,7
42933,2021,37,31.93,24.76,13.8,7
42933,2021,38,31.96,24.37,57.0,7
42933,2021,39,31.14,24.26,59.2,7
42933,2021,40,34.2,25.1,25.5,7
42933,2021,41,35.43,23.54,0.0,7
42933,2021,42,32.49,21.3,82.6,7
42933,2021,43,32.94,18.64,0.0,7
42933,2021,44,32.36,17.47,0.0,7
42933,2021,45,32.29,16.6,0.0,7
42933,2021,46,33.16,22.63,0.0,7
42933,2021,47,33.26,22.44,2.2,7
42933,2021,48,30.59,17.84,0.2,7
42933,2021,49,30.27,18.44,0.0,7
42933,2021,50,30.39,16.86,0.0,7
42933,2021,51,29.69,12.73,0.0,7
42933,2021,52,28.87,15.33,38.1,7
42933,2022,1,28.97,16.43,0.0,7
42933,2022,2,26.99,17.19,0.1,7
42933,2022,3,28.09,14.79,5.9,7
42933,2022,4,27.29,12.03,0.0,7
42933,2022,5,31.69,12.34,0.0,7
42933,2022,6,31.5,14.24,0.0,7
42933,2022,7,32.4,16.71,0.0,7
42933,2022,8,35.61,18.57,0.0,7
42933,2022,9,36.67,20.96,0.0,7
42933,2022,10,35.37,21.07,0.3,7
42933,2022,11,39.86,20.51,0.0,7
42933,2022,12,41.91,24.86,0.0,7
42933,2022,13,42.81,24.49,0.0,7
42933,2022,14,43.83,24.96,0.0,7
42933,2022,15,43.44,26.91,0.0,7
42933,2022,16,43.81,27.43,0.0,7
42933,2022,17,43.61,27.36,0.0,7
42933,2022,18,44.57,29.39,0.0,7
42933,2022,19,44.27,30.64,0.0,7
42933,2022,20,44.13,30.41,0.0,7
42933,2022,21,41.94,29.1,0.0,7
42933,2022,22,42.07,29.24,2.8,7
42933,2022,23,43.4,29.39,5.6,7
42933,2022,24,37.39,26.09,158.1,7
42933,2022,25,34.67,25.0,28.2,7
42933,2022,26,35.27,25.74,128.6,7
42933,2022,27,32.11,24.53,142.9,7
42933,2022,28,27.77,23.44,123.2,7
42933,2022,29,28.84,23.89,111.9,7
42933,2022,30,29.46,24.04,24.2,7
42933,2022,31,33.97,25.29,18.7,7
42933,2022,32,30.51,24.36,70.1,7
42933,2022,33,30.93,24.0,34.8,7
42933,2022,34,31.99,24.33,5.0,7
42933,2022,35,33.94,24.3,32.5,7
42933,2022,36,33.54,24.73,5.7,7
42933,2022,37,31.61,24.0,112.1,7
42933,2022,38,31.86,23.7,54.9,7
42933,2022,39,33.69,23.71,0.0,7
42933,2022,40,35.34,24.37,46.2,7
42933,2022,41,31.54,24.2,31.0,7
42933,2022,42,31.91,22.39,10.0,7
42933,2022,43,33.03,18.36,0.0,7
42933,2022,44,32.9,17.23,0.0,7
42933,2022,45,34.3,17.97,0.0,7
42933,2022,46,32.44,16.41,0.0,7
42933,2022,47,31.19,13.2,0.0,7
42933,2022,48,31.97,14.23,0.0,7
42933,2022,49,31.43,16.53,0.0,7
42933,2022,50,31.43,19.66,6.1,7
42933,2022,51,33.11,16.77,0.0,7
42933,2022,52,33.03,17.17,0.0,7
42933,2022,53,35.0,17.1,0.0,1
42933,2023,1,28.83,16.04,0.0,7
42933,2023,2,31.7,11.89,0.0,7
42933,2023,3,31.46,15.54,0.0,7
42933,2023,4,32.13,17.1,0.0,7
42933,2023,5,32.56,14.56,0.0,7
42933,2023,6,34.93,13.26,0.0,7
42933,2023,7,36.36,13.21,0.0,7
42933,2023,8,37.83,15.06,0.0,7
42933,2023,9,37.77,19.0,0.0,7
42933,2023,10,36.21,18.31,3.0,7
42933,2023,11,33.71,18.5,11.4,7
42933,2023,12,34.71,19.8,0.0,7
42933,2023,13,37.66,20.89,0.0,7
42933,2023,14,38.01,22.09,20.9,7
42933,2023,15,39.49,23.24,17.2,7
42933,2023,16,41.11,23.89,1.4,7
42933,2023,17,37.26,20.94,18.6,7
42933,2023,18,33.99,22.61,3.8,7
42933,2023,19,43.06,25.34,0.0,7
42933,2023,20,43.21,27.99,0.0,7
42933,2023,21,42.53,27.54,0.0,7
42933,2023,22,43.0,28.67,0.0,7
42933,2023,23,42.01,27.69,8.9,7
42933,2023,24,42.0,28.83,1.0,7
42933,2023,25,39.56,28.19,1.8,7
42933,2023,26,32.73,25.16,18.3,7
42933,2023,27,35.19,25.56,112.6,7
42933,2023,28,31.13,23.96,196.8,7
42933,2023,29,28.83,24.14,204.0,7
42933,2023,30,31.6,24.33,7.0,7
42933,2023,31,30.87,24.1,12.0,7
42933,2023,32,32.47,23.41,4.2,7
42933,2023,33,31.41,23.64,30.8,7
42933,2023,34,31.37,23.19,0.8,7
42933,2023,35,34.89,23.94,15.2,7
42933,2023,36,32.4,24.26,21.0,7
42933,2023,37,29.74,23.24,21.6,7
42933,2023,38,32.33,23.46,74.4,7
42933,2023,39,33.33,23.46,27.9,7
42933,2023,40,35.29,22.36,0.0,7
42933,2023,41,37.21,21.56,0.0,7
42933,2023,42,36.11,21.59,0.0,7
42933,2023,43,35.03,17.74,0.0,7
42933,2023,44,33.86,17.61,0.0,7
42933,2023,45,34.66,17.83,0.0,7
42933,2023,46,33.69,17.34,0.0,7
42933,2023,47,32.87,18.96,0.0,7
42933,2023,48,28.93,19.64,56.0,7
42933,2023,49,29.04,18.03,0.0,7
42933,2023,50,29.79,15.39,0.0,7
42933,2023,51,30.03,13.36,0.0,7
42933,2023,52,31.58,15.6,0.0,5
42933,2024,1,30.2,17.24,0.0,7
42933,2024,2,30.49,17.3,0.2,7
42933,2024,3,31.03,15.14,0.0,7
42933,2024,4,29.91,12.86,0.0,7
42933,2024,5,32.06,15.47,0.0,7
42933,2024,6,33.49,17.43,0.0,7
42933,2024,7,34.0,19.14,0.0,7
42933,2024,8,34.76,17.24,0.0,7
42933,2024,9,35.24,20.77,10.7,7
42933,2024,10,35.83,17.26,0.0,7
42933,2024,11,38.3,19.87,0.0,7
42933,2024,12,38.31,20.26,0.0,7
42933,2024,13,41.64,24.8,0.0,7
42933,2024,14,41.49,24.53,0.0,7
42933,2024,15,37.16,22.9,11.7,7
42933,2024,16,41.99,26.24,5.4,7
42933,2024,17,40.57,25.1,7.8,7
42933,2024,18,42.89,25.57,0.0,7
42933,2024,19,43.19,27.77,0.0,7
42933,2024,20,41.24,27.19,0.0,7
42933,2024,21,44.6,29.83,0.8,7
42933,2024,22,43.11,28.84,0.0,7
42933,2024,23,40.43,26.24,35.4,7
42933,2024,24,36.96,24.06,91.1,7
42933,2024,25,36.73,25.6,13.5,7
42933,2024,26,35.29,25.77,3.4,7
42933,2024,27,33.76,24.69,30.0,7
42933,2024,28,32.24,24.4,228.3,7
42933,2024,29,30.86,23.9,70.8,7
42933,2024,30,27.99,23.09,77.8,7
42933,2024,31,30.2,23.03,68.4,7
42933,2024,32,29.7,22.89,37.9,7
42933,2024,33,32.86,24.97,14.3,7
42933,2024,34,32.29,24.6,132.2,7
42933,2024,35,31.93,24.57,14.4,7
42933,2024,36,30.76,24.4,79.3,7
42933,2024,37,31.71,24.21,11.2,7
42933,2024,38,33.93,24.43,3.2,7
42933,2024,39,33.21,25.1,21.0,7
42933,2024,40,35.91,25.19,0.7,7
42933,2024,41,35.41,24.69,13.4,7
42933,2024,42,34.93,24.63,57.0,7
42933,2024,43,34.26,22.56,0.0,7
42933,2024,44,35.39,21.13,0.0,7
42933,2024,45,34.33,20.4,0.0,7
42933,2024,46,33.41,18.19,0.0,7
42933,2024,47,31.01,15.73,0.0,7
42933,2024,48,30.53,13.93,0.0,7
42933,2024,49,31.84,21.49,0.0,7
42933,2024,50,30.0,12.34,0.0,7
42933,2024,51,31.36,12.06,0.0,7
42933,2024,52,30.27,18.91,8.6,7
42933,2024,53,31.25,19.2,0.0,2
42933,2025,1,32.39,14.21,0.0,7
42933,2025,2,29.19,14.1,0.0,7
42933,2025,3,31.77,15.44,0.0,7
42933,2025,4,34.69,16.06,0.0,7
42933,2025,5,35.87,17.91,0.0,7
42933,2025,6,34.84,18.74,0.0,7
42933,2025,7,36.33,16.47,0.0,7
42933,2025,8,36.66,18.14,0.0,7
42933,2025,9,37.99,19.66,0.0,7
42933,2025,10,38.06,17.89,0.0,7
42933,2025,11,40.81,22.24,0.0,7
42933,2025,12,40.0,21.66,0.0,7
42933,2025,13,40.89,23.56,0.0,7
42933,2025,14,40.03,22.67,5.6,7
42933,2025,15,42.76,27.21,0.0,7
42933,2025,16,44.17,27.31,0.0,7
42933,2025,17,44.39,27.9,0.0,7
42933,2025,18,43.17,27.36,0.0,7
42933,2025,19,38.81,25.51,2.8,7
42933,2025,20,40.0,27.01,20.0,7
42933,2025,21,34.69,25.27,95.7,7
42933,2025,22,36.19,25.93,141.3,7
42933,2025,23,40.01,27.64,0.5,7
42933,2025,24,37.83,27.09,38.9,7
42933,2025,25,32.49,25.56,15.2,7
42933,2025,26,30.11,24.37,109.3,7
42933,2025,27,29.99,24.31,68.1,7
42933,2025,28,31.76,24.89,16.7,7
42933,2025,29,34.03,25.7,8.1,7
42933,2025,30,28.86,24.41,45.3,7
42933,2025,31,33.27,24.53,3.8,7
42933,2025,32,33.37,25.19,16.2,7
42933,2025,33,29.63,24.31,112.2,7
42933,2025,34,31.63,23.97,20.2,7
42933,2025,35,30.77,24.34,109.7,7
42933,2025,36,30.06,23.51,29.7,7
42933,2025,37,31.81,24.19,64.0,7
42933,2025,38,33.2,24.91,1.0,7
42933,2025,39,31.1,23.84,75.4,7
42933,2025,40,33.5,23.71,0.0,7
42933,2025,41,33.43,20.06,0.0,7
42933,2025,42,34.33,23.53,0.0,7
42933,2025,43,32.37,23.39,39.8,7
42933,2025,44,32.04,23.56,36.6,7
42933,2025,45,31.49,15.8,0.0,7
42933,2025,46,29.64,12.64,0.0,7
42933,2025,47,31.31,15.33,0.0,7
42933,2025,48,30.26,15.84,0.0,7
42933,2025,49,29.84,12.39,0.0,7
42933,2025,50,30.89,11.07,0.0,7
42933,2025,51,31.49,10.79,0.0,7
42933,2025,52,29.93,11.94,0.0,7
42933,2025,53,31.0,11.3,0.0,1
42935,2015,1,23.34,15.03,0.0,7
42935,2015,2,28.89,14.46,0.0,7
42935,2015,3,28.21,16.89,0.0,7
42935,2015,4,30.57,18.03,0.0,7
42935,2015,5,31.29,19.51,0.0,7
42935,2015,6,31.09,19.64,0.0,7
42935,2015,7,34.43,20.4,0.0,7
42935,2015,8,35.54,20.86,0.0,7
42935,2015,9,18.29,17.94,36.0,7
42935,2015,10,32.31,20.59,0.0,7
42935,2015,11,33.49,22.77,0.0,7
42935,2015,12,38.11,24.31,0.0,7
42935,2015,13,37.49,22.94,0.0,7
42935,2015,14,37.77,23.14,0.0,7
42935,2015,15,28.89,17.57,24.0,7
42935,2015,16,39.2,26.91,0.0,7
42935,2015,17,40.86,26.83,0.0,7
42935,2015,18,41.26,27.06,0.0,7
42935,2015,19,41.11,27.8,0.0,7
42935,2015,20,42.11,29.09,0.0,7
42935,2015,21,41.2,28.66,0.0,7
42935,2015,22,38.41,26.57,4.0,7
42935,2015,23,32.63,24.29,120.0,7
42935,2015,24,31.09,24.6,49.5,7
42935,2015,25,33.83,25.2,0.0,7
42935,2015,26,33.89,25.49,0.0,7
42935,2015,27,32.83,26.06,0.0,7
42935,2015,28,31.31,25.23,0.0,7
42935,2015,29,30.23,24.77,0.0,7
42935,2015,30,30.83,24.09,0.0,7
42935,2015,31,27.89,23.94,0.0,7
42935,2015,32,29.51,24.46,0.0,7
42935,2015,33,30.83,24.29,0.0,7
42935,2015,34,30.91,24.89,0.0,7
42935,2015,35,31.26,24.71,0.0,7
42935,2015,36,31.43,24.89,0.0,7
42935,2015,37,30.06,24.63,0.0,7
42935,2015,38,31.49,23.6,0.0,7
42935,2015,39,32.86,24.91,0.0,7
42935,2015,40,34.26,24.4,0.0,7
42935,2015,41,33.54,22.89,0.0,7
42935,2015,42,33.43,22.94,0.0,7
42935,2015,43,30.99,21.29,0.0,7
42935,2015,44,32.23,21.34,0.0,7
42935,2015,45,27.94,20.17,0.0,7
42935,2015,46,32.09,20.69,0.0,7
42935,2015,47,32.89,20.11,0.0,7
42935,2015,48,32.43,18.23,0.0,7
42935,2015,49,31.94,20.03,0.0,7
42935,2015,50,30.69,19.17,0.0,7
42935,2015,51,30.54,15.0,0.0,7
42935,2016,1,31.91,17.8,0.0,7
42935,2016,2,30.46,18.66,0.0,7
42935,2016,3,28.86,17.23,0.0,7
42935,2016,4,30.09,15.66,0.0,7
42935,2016,5,32.57,18.94,0.0,7
42935,2016,6,32.63,19.83,0.0,7
42935,2016,7,33.74,21.54,0.0,7
42935,2016,8,33.06,23.11,0.0,7
42935,2016,9,31.66,22.43,0.0,7
42935,2016,10,29.77,23.37,0.0,7
42935,2016,11,34.57,0.0,0.0,7
42935,2016,12,35.77,0.0,0.0,7
42935,2016,13,36.8,0.0,0.0,7
42935,2016,14,38.49,0.0,0.0,7
42935,2016,15,39.06,0.0,0.0,7
42935,2016,16,41.17,0.0,0.0,7
42935,2016,17,40.46,0.0,0.0,7
42935,2016,18,27.71,13.51,0.0,7
42935,2016,19,40.49,27.34,0.0,7
42935,2016,20,39.89,27.2,0.0,7
42935,2016,21,40.0,27.11,0.0,7
42935,2016,22,32.09,23.03,0.0,7
42935,2016,23,37.29,25.63,0.0,7
42935,2016,24,34.86,23.83,0.0,7
42935,2016,25,31.14,19.97,0.0,7
42935,2016,26,29.6,23.37,0.0,7
42935,2016,27,27.03,22.86,0.0,7
42935,2016,28,30.06,23.37,0.0,7
42935,2016,29,30.0,23.09,0.0,7
42935,2016,30,28.77,22.8,0.0,7
42935,2016,31,29.69,23.09,0.0,7
42935,2016,32,29.49,22.73,0.0,7
42935,2016,33,30.29,23.09,0.0,7
42935,2016,34,30.31,23.46,0.0,7
42935,2016,35,29.74,22.57,0.0,7
42935,2016,36,29.03,23.03,0.0,7
42935,2016,37,28.94,23.03,0.0,7
42935,2016,38,29.11,23.26,0.0,7
42935,2016,39,29.97,23.47,0.0,7
42935,2016,40,31.6,22.49,0.0,7
42935,2016,41,32.29,20.4,0.0,7
42935,2016,42,31.21,21.14,0.0,7
42935,2016,43,30.6,18.81,0.0,7
42935,2016,44,30.77,18.09,0.0,7
42935,2016,45,30.69,20.17,0.0,7
42935,2016,46,30.54,17.97,0.0,7
42935,2016,47,30.46,17.06,0.0,7
42935,2016,48,29.66,17.77,0.0,7
42935,2016,49,30.14,16.23,0.0,7
42935,2016,50,29.73,15.67,0.0,3
42935,2017,1,29.03,15.29,0.0,7
42935,2017,2,28.31,12.8,0.0,7
42935,2017,3,29.97,16.03,0.0,7
42935,2017,4,31.97,16.09,0.0,7
42935,2017,5,31.83,16.49,0.0,7
42935,2017,6,31.34,18.2,0.0,7
42935,2017,7,32.8,15.71,0.0,7
42935,2017,8,32.83,20.63,0.0,7
42935,2017,9,31.66,18.11,0.0,7
42935,2017,10,33.34,20.17,0.0,7
42935,2017,11,38.43,19.8,0.0,7
42935,2017,12,39.14,19.51,0.0,7
42935,2017,13,40.86,23.2,0.0,7
42935,2017,14,41.86,24.2,0.0,7
42935,2017,15,40.29,24.03,0.0,7
42935,2017,16,42.29,26.57,0.0,7
42935,2017,17,42.51,27.31,0.0,7
42935,2017,18,42.86,28.31,0.0,7
42935,2017,19,41.11,26.17,6.8,7
42935,2017,20,37.14,23.26,27.1,7
42935,2017,21,34.29,22.09,108.0,7
42935,2017,22,35.83,23.29,16.1,7
42935,2017,23,33.03,22.54,33.0,7
42935,2017,24,33.26,22.46,6.0,7
42935,2017,25,31.3,22.31,46.7,7
42935,2017,26,28.77,20.86,68.0,7
42935,2017,27,30.37,21.49,20.0,7
42935,2017,28,31.49,21.74,2.5,7
42935,2017,29,31.43,21.29,2.0,7
42935,2017,30,29.57,21.37,86.0,7
42935,2017,31,29.26,20.69,22.0,7
42935,2017,32,31.17,21.57,0.0,7
42935,2017,33,34.86,21.91,20.0,7
42935,2017,34,30.66,21.86,60.0,7
42935,2017,35,33.37,22.0,0.0,7
42935,2017,36,34.23,21.11,0.0,7
42935,2017,37,32.26,20.83,0.0,7
42935,2017,38,33.17,20.46,0.0,7
42935,2017,39,32.91,19.51,0.0,7
42935,2017,40,32.8,15.0,0.0,7
42935,2017,41,32.49,18.91,0.0,7
42935,2017,42,32.43,14.51,0.0,7
42935,2017,43,31.8,18.29,0.0,7
42935,2017,44,32.06,19.09,0.0,7
42935,2017,45,31.5,12.47,0.0,6
42935,2018,1,0.0,17.1,22.0,1
42935,2019,1,27.51,16.43,0.0,7
42935,2019,2,23.83,15.97,0.0,7
42935,2019,3,25.06,13.09,0.0,7
42935,2019,4,28.86,16.51,0.0,7
42935,2019,5,21.11,18.34,0.0,7
42935,2019,6,26.94,20.09,0.0,7
42935,2019,7,27.83,18.17,0.0,7
42935,2019,8,29.71,19.69,0.0,7
42935,2019,9,35.86,23.74,0.0,7
42935,2019,10,34.54,23.77,0.0,7
42935,2019,11,41.69,25.31,0.0,7
42935,2019,12,43.46,19.26,0.0,7
42935,2019,13,41.74,26.77,0.0,7
42935,2019,14,41.91,23.54,0.0,7
42935,2019,15,43.4,24.23,0.0,7
42935,2019,16,37.66,25.34,0.0,7
42935,2019,17,31.31,20.86,2.9,7
42935,2019,18,35.11,25.57,14.6,7
42935,2019,19,27.89,27.13,4.2,7
42935,2019,20,31.69,23.71,55.1,7
42935,2019,21,18.14,23.57,99.3,7
42935,2019,22,22.14,24.71,40.8,7
42935,2019,23,29.83,25.99,0.5,7
42935,2019,24,23.29,24.71,60.1,7
42935,2019,25,22.46,22.14,96.3,7
42935,2019,26,15.6,18.66,59.7,7
42935,2019,27,12.94,19.86,4.0,7
42935,2019,28,21.91,22.4,3.6,7
42935,2019,29,17.11,22.73,24.8,7
42935,2019,30,16.63,23.14,36.7,7
42935,2019,31,20.29,22.51,43.3,7
42935,2019,32,27.11,23.54,32.4,7
42935,2019,33,31.49,22.86,61.6,7
42935,2019,34,32.6,21.89,0.0,7
42935,2019,35,33.0,20.71,0.0,7
42935,2019,36,29.31,21.01,0.0,7
42935,2019,37,25.54,17.83,49.0,7
42935,2019,38,27.49,21.23,14.0,7
42935,2019,39,22.06,18.06,0.0,7
42935,2019,40,17.43,15.31,0.0,7
42935,2019,41,18.54,16.0,0.0,7
42935,2019,42,30.43,16.23,0.0,7
42935,2019,43,25.94,17.49,0.0,7
42935,2019,44,24.2,17.43,0.0,7
42935,2019,45,15.83,16.06,0.0,7
42935,2019,46,25.1,15.9,0.0,2
42935,2020,1,25.2,15.4,0.0,1
42935,2021,1,0.0,21.09,7.0,7
42935,2021,2,11.23,22.46,19.0,7
42935,2021,3,5.71,22.49,0.0,7
42935,2021,4,5.37,21.26,4.0,7
42935,2021,5,13.86,20.11,117.0,7
42935,2021,6,5.0,20.23,70.0,7
42935,2021,7,0.0,20.34,0.0,7
42935,2021,8,0.0,20.73,0.0,7
42935,2021,9,15.69,22.83,20.0,7
42935,2021,10,4.43,21.69,75.0,7
42935,2021,11,32.66,21.83,1.8,7
42935,2021,12,27.31,20.86,66.3,7
42935,2021,13,27.9,20.23,9.3,7
42935,2021,14,29.6,20.31,22.7,7
42935,2021,15,29.21,20.71,5.6,7
42935,2021,16,28.43,20.57,79.0,7
42935,2021,17,31.71,19.86,12.3,7
42935,2021,18,30.29,20.0,2.2,7
42935,2021,19,32.29,16.57,0.0,7
42935,2021,20,32.0,19.0,0.0,7
42935,2021,21,33.0,18.71,0.7,7
42935,2021,22,30.36,16.51,0.0,7
42935,2021,23,29.21,15.07,0.0,7
42935,2021,24,29.17,13.0,0.0,3
42935,2022,1,30.0,13.93,0.0,7
42935,2022,2,27.14,11.29,0.0,7
42935,2022,3,30.07,12.43,0.0,7
42935,2022,4,31.43,12.21,0.0,7
42935,2022,5,31.71,12.86,0.0,7
42935,2022,6,31.5,13.5,0.0,7
42935,2022,7,31.93,15.99,0.0,7
42935,2022,8,33.71,17.79,0.0,7
42935,2022,9,37.57,18.57,0.0,7
42935,2022,10,41.21,19.5,0.0,7
42935,2022,11,38.66,24.79,0.0,7
42935,2022,12,34.86,25.93,0.0,7
42935,2022,13,33.86,27.86,0.0,7
42935,2022,14,33.14,25.71,0.0,7
42935,2022,15,31.5,31.71,0.0,7
42935,2022,16,36.71,28.86,0.0,7
42935,2022,17,32.43,27.93,3.9,7
42935,2022,18,29.03,22.29,34.2,7
42935,2022,19,26.43,0.0,25.3,7
42935,2022,20,24.43,0.0,203.0,7
42935,2022,21,24.07,0.0,58.3,7
42935,2022,22,26.14,0.0,55.2,7
42935,2022,23,27.29,0.0,8.9,7
42935,2022,24,27.14,0.0,44.9,7
42935,2022,25,26.21,0.0,31.3,7
42935,2022,26,24.14,0.0,0.2,7
42935,2022,27,30.36,0.0,66.2,7
42935,2022,28,26.9,13.54,9.9,7
42935,2022,29,24.5,11.9,0.0,2
42935,2023,1,17.6,12.26,0.0,7
42935,2023,2,26.97,11.57,0.0,7
42935,2023,3,32.06,13.26,0.0,7
42935,2023,4,31.63,15.29,0.0,7
42935,2023,5,33.8,18.74,0.0,7
42935,2023,6,35.34,19.14,0.0,7
42935,2023,7,37.03,16.31,0.0,7
42935,2023,8,35.17,14.03,0.0,7
42935,2023,9,31.11,19.03,0.0,7
42935,2023,10,32.2,16.97,6.0,7
42935,2023,11,35.06,20.06,0.0,7
42935,2023,12,37.53,20.26,0.0,7
42935,2023,13,36.64,20.71,9.0,7
42935,2023,14,40.6,24.71,2.0,7
42935,2023,15,36.63,20.23,48.0,7
42935,2023,16,30.23,16.6,54.0,7
42935,2023,17,41.51,25.34,0.0,7
42935,2023,18,41.51,25.37,0.0,7
42935,2023,19,39.89,26.69,0.0,7
42935,2023,20,40.89,26.56,0.0,7
42935,2023,21,37.03,27.69,0.0,7
42935,2023,22,31.93,23.63,0.0,7
42935,2023,23,31.03,23.23,3.5,7
42935,2023,24,28.54,22.03,57.6,7
42935,2023,25,28.49,22.23,113.0,7
42935,2023,26,28.54,22.0,5.0,7
42935,2023,27,29.4,21.66,3.2,7
42935,2023,28,29.86,21.6,0.4,7
42935,2023,29,30.03,20.89,3.0,7
42935,2023,30,31.51,21.57,0.0,7
42935,2023,31,31.77,22.17,21.6,7
42935,2023,32,28.34,21.2,0.0,7
42935,2023,33,31.29,21.49,16.7,7
42935,2023,34,31.77,20.77,18.0,7
42935,2023,35,33.6,16.69,0.0,7
42935,2023,36,35.97,19.34,0.0,7
42935,2023,37,34.66,18.11,0.0,7
42935,2023,38,34.43,15.71,0.0,7
42935,2023,39,32.51,16.4,0.0,7
42935,2023,40,33.71,17.66,0.0,7
42935,2023,41,33.74,16.51,0.0,7
42935,2023,42,30.26,16.63,36.0,7
42935,2023,43,29.0,17.6,0.0,7
42935,2023,44,28.29,15.69,0.0,7
42935,2023,45,27.94,11.89,0.0,7
42935,2023,46,30.43,12.57,0.0,7
42935,2023,47,29.87,14.27,0.0,3
42935,2024,1,29.23,17.54,0.0,7
42935,2024,2,30.17,15.11,0.0,7
42935,2024,3,31.59,13.74,0.0,7
42935,2024,4,29.73,11.6,0.0,7
42935,2024,5,31.89,14.43,0.0,7
42935,2024,6,33.37,15.77,0.0,7
42935,2024,7,33.83,16.54,0.0,7
42935,2024,8,34.86,15.34,0.0,7
42935,2024,9,36.11,19.06,0.0,7
42935,2024,10,36.8,17.2,0.0,7
42935,2024,11,39.31,15.63,0.0,7
42935,2024,12,38.91,18.54,0.0,7
42935,2024,13,41.2,23.71,0.0,7
42935,2024,14,41.43,22.86,0.0,7
42935,2024,15,36.17,20.37,20.0,7
42935,2024,16,29.51,24.31,0.0,7
42935,2024,17,41.66,19.71,7.0,7
42935,2024,18,42.51,25.11,0.0,7
42935,2024,19,41.94,23.66,0.0,7
42935,2024,20,40.46,23.89,0.0,7
42935,2024,21,42.86,27.23,0.0,7
42935,2024,22,39.83,24.2,38.0,7
42935,2024,23,36.6,22.69,4.0,7
42935,2024,24,35.83,22.46,4.0,7
42935,2024,25,34.0,23.09,18.0,7
42935,2024,26,32.23,22.31,13.0,7
42935,2024,27,32.03,22.29,51.2,7
42935,2024,28,29.77,22.37,103.0,7
42935,2024,29,28.83,21.74,37.0,7
42935,2024,30,28.6,21.31,85.0,7
42935,2024,31,29.54,21.74,27.0,7
42935,2024,32,30.0,21.86,8.0,7
42935,2024,33,30.89,21.77,40.0,7
42935,2024,34,30.14,17.74,52.0,7
42935,2024,35,28.06,23.14,55.0,7
42935,2024,36,29.69,24.51,34.0,7
42935,2024,37,31.23,16.09,0.0,7
42935,2024,38,31.09,3.34,90.6,7
42935,2024,39,31.69,3.6,2.1,7
42935,2024,40,33.09,0.0,0.0,7
42935,2024,41,33.37,0.0,0.0,7
42935,2024,42,34.14,3.14,8.4,7
42935,2024,43,34.11,0.0,0.0,7
42935,2024,44,34.57,0.0,0.0,7
42935,2024,45,34.2,0.0,0.0,7
42935,2024,46,32.31,0.0,0.0,7
42935,2024,47,29.03,0.0,0.0,7
42935,2024,48,29.09,17.16,0.0,7
42935,2024,49,32.06,14.0,0.0,7
42935,2024,50,29.31,13.0,0.0,7
42935,2024,51,30.57,17.29,0.0,7
42935,2024,52,30.96,19.28,0.0,5
42935,2025,1,30.97,16.51,0.0,7
42935,2025,2,27.71,15.86,0.0,7
42935,2025,3,30.11,17.74,0.0,7
42935,2025,4,34.14,18.71,0.0,7
42935,2025,5,35.63,20.29,0.0,7
42935,2025,6,34.71,21.11,0.0,7
42935,2025,7,34.63,17.29,0.0,7
42935,2025,8,35.37,7.79,0.0,7
42935,2025,9,35.8,1.59,0.0,7
42935,2025,10,37.57,0.0,0.0,7
42935,2025,11,39.86,0.0,0.0,7
42935,2025,12,38.71,0.0,0.0,7
42935,2025,13,39.43,0.0,0.0,7
42935,2025,14,38.29,0.0,0.0,7
42935,2025,15,41.23,0.0,0.0,7
42935,2025,16,42.26,0.0,0.0,7
42935,2025,17,42.63,0.0,0.0,7
42935,2025,18,41.79,0.0,0.0,7
42935,2025,19,37.46,0.0,6.3,7
42935,2025,20,37.87,0.0,3.8,7
42935,2025,21,32.26,0.0,137.6,7
42935,2025,22,33.97,0.0,7.2,7
42935,2025,23,37.37,14.54,0.0,7
42935,2025,24,34.8,24.89,15.6,7
42935,2025,25,33.56,23.86,0.0,7
42935,2025,26,28.34,22.06,157.5,7
42935,2025,27,28.2,22.09,51.0,7
42935,2025,28,29.57,22.17,27.6,7
42935,2025,29,30.37,23.31,19.2,7
42935,2025,30,27.6,22.51,71.2,7
42935,2025,31,29.71,22.31,2.6,7
42935,2025,32,29.17,22.49,59.6,7
42935,2025,33,27.17,22.11,234.4,7
42935,2025,34,28.69,21.54,15.0,7
42935,2025,35,27.57,22.7,105.8,7
42935,2025,36,27.74,21.34,49.2,7
42935,2025,37,28.49,22.2,100.0,7
42935,2025,38,31.29,19.29,7.0,7
42935,2025,39,29.77,21.09,87.2,7
42935,2025,40,31.49,20.4,0.0,7
42935,2025,41,30.6,18.54,0.0,7
42935,2025,42,32.26,18.23,0.0,7
42935,2025,43,32.09,20.94,14.0,7
42935,2025,44,30.54,21.11,17.8,7
42935,2025,45,30.54,15.37,0.0,7
42935,2025,46,29.37,11.17,0.0,7
42935,2025,47,31.51,12.34,0.0,7
42935,2025,48,29.74,13.37,0.0,7
42935,2025,49,29.17,11.83,0.0,7
42935,2025,50,30.03,10.74,0.0,7
42935,2025,51,31.17,11.09,0.0,7
42935,2025,52,31.14,11.26,0.0,7
42935,2025,53,29.8,10.6,0.0,1
42939,2015,1,26.73,14.8,9.4,7
42939,2015,2,28.51,9.36,0.0,7
42939,2015,3,28.0,11.44,0.0,7
42939,2015,4,30.19,15.17,0.0,7
42939,2015,5,30.04,12.87,0.0,7
42939,2015,6,31.16,15.89,0.0,7
42939,2015,7,32.87,14.84,0.0,7
42939,2015,8,34.9,17.09,0.0,7
42939,2015,9,28.49,14.54,62.5,7
42939,2015,10,33.2,17.8,0.0,7
42939,2015,11,33.64,19.77,17.1,7
42939,2015,12,36.57,20.87,0.0,7
42939,2015,13,37.5,21.33,0.0,7
42939,2015,14,39.57,21.5,0.0,7
42939,2015,15,35.47,20.89,8.4,7
42939,2015,16,39.17,22.99,2.2,7
42939,2015,17,42.07,25.09,0.0,7
42939,2015,18,43.24,25.57,3.4,7
42939,2015,19,42.59,26.76,0.8,7
42939,2015,20,41.8,26.8,4.2,7
42939,2015,21,46.43,28.83,0.0,7
42939,2015,22,44.64,27.79,0.0,7
42939,2015,23,41.14,27.5,10.0,7
42939,2015,24,37.7,24.96,31.5,7
42939,2015,25,33.03,23.93,151.5,7
42939,2015,26,35.9,26.17,11.8,7
42939,2015,27,35.94,26.54,0.0,7
42939,2015,28,35.34,26.76,9.3,7
42939,2015,29,35.31,25.94,25.7,7
42939,2015,30,31.24,23.46,197.1,7
42939,2015,31,31.03,23.13,165.5,7
42939,2015,32,29.91,24.01,36.0,7
42939,2015,33,31.16,24.69,57.2,7
42939,2015,34,33.41,23.81,0.2,7
42939,2015,35,32.37,24.64,7.7,7
42939,2015,36,35.39,24.39,56.5,7
42939,2015,37,34.97,24.29,42.1,7
42939,2015,38,33.66,24.29,117.9,7
42939,2015,39,34.43,22.11,0.0,7
42939,2015,40,35.44,22.54,0.0,7
42939,2015,41,36.99,20.27,0.0,7
42939,2015,42,35.79,21.44,0.0,7
42939,2015,43,35.17,21.57,0.0,7
42939,2015,44,31.9,19.6,18.7,7
42939,2015,45,33.11,19.84,0.0,7
42939,2015,46,32.71,17.19,0.0,7
42939,2015,47,31.83,16.96,0.0,7
42939,2015,48,32.54,17.3,0.0,7
42939,2015,49,32.23,14.51,0.0,7
42939,2015,50,31.96,17.09,0.0,7
42939,2015,51,30.7,16.79,0.0,7
42939,2015,52,29.03,11.3,0.0,7
42939,2015,53,33.0,13.5,0.0,1
42939,2016,1,32.13,13.36,0.0,7
42939,2016,2,31.19,13.0,0.0,7
42939,2016,3,29.54,15.39,0.0,7
42939,2016,4,29.64,10.76,0.0,7
42939,2016,5,34.71,15.61,0.0,7
42939,2016,6,32.91,16.23,0.0,7
42939,2016,7,34.3,18.4,0.0,7
42939,2016,8,36.5,20.3,0.0,7
42939,2016,9,35.13,21.21,21.3,7
42939,2016,10,36.57,20.39,11.2,7
42939,2016,11,37.16,21.31,0.0,7
42939,2016,12,39.74,22.24,0.0,7
42939,2016,13,40.69,22.06,0.0,7
42939,2016,14,42.07,24.84,0.0,7
42939,2016,15,41.89,25.73,0.0,7
42939,2016,16,44.29,27.06,0.0,7
42939,2016,17,43.91,26.46,0.0,7
42939,2016,18,43.73,26.97,3.6,7
42939,2016,19,40.0,24.64,18.0,7
42939,2016,20,44.96,30.0,0.0,7
42939,2016,21,44.4,30.34,0.0,7
42939,2016,22,43.66,30.23,0.0,7
42939,2016,23,43.16,28.04,3.8,7
42939,2016,24,40.73,28.51,1.2,7
42939,2016,25,37.2,26.61,68.1,7
42939,2016,26,34.8,25.43,84.7,7
42939,2016,27,30.81,24.07,162.8,7
42939,2016,28,28.49,24.19,142.8,7
42939,2016,29,32.19,24.7,20.1,7
42939,2016,30,32.06,24.36,157.8,7
42939,2016,31,31.37,24.06,81.7,7
42939,2016,32,30.69,23.81,47.2,7
42939,2016,33,31.89,23.71,3.5,7
42939,2016,34,33.19,24.1,10.6,7
42939,2016,35,33.66,24.61,32.0,7
42939,2016,36,32.5,23.41,3.6,7
42939,2016,37,31.57,24.39,28.4,7
42939,2016,38,33.01,24.36,65.1,7
42939,2016,39,32.07,24.04,10.0,7
42939,2016,40,32.47,24.07,31.0,7
42939,2016,41,33.23,20.23,12.2,7
42939,2016,42,33.67,17.01,0.0,7
42939,2016,43,33.74,17.0,0.0,7
42939,2016,44,31.91,16.66,0.0,7
42939,2016,45,32.19,13.54,0.0,7
42939,2016,46,30.56,13.99,0.0,7
42939,2016,47,31.6,12.76,0.0,7
42939,2016,48,32.47,13.94,0.0,7
42939,2016,49,30.21,12.64,0.0,7
42939,2016,50,30.33,13.73,0.0,7
42939,2016,51,30.44,10.47,0.0,7
42939,2016,52,29.96,11.16,0.0,7
42939,2017,1,29.99,11.51,0.0,7
42939,2017,2,28.39,11.84,0.0,7
42939,2017,3,29.87,13.59,0.0,7
42939,2017,4,31.27,14.67,0.0,7
42939,2017,5,33.23,14.87,0.0,7
42939,2017,6,33.36,16.37,0.0,7
42939,2017,7,33.49,17.64,0.0,7
42939,2017,8,36.29,16.64,0.0,7
42939,2017,9,37.0,17.89,0.0,7
42939,2017,10,34.29,18.13,0.0,7
42939,2017,11,35.91,18.89,0.0,7
42939,2017,12,39.57,21.79,0.0,7
42939,2017,13,42.97,24.2,0.0,7
42939,2017,14,42.53,24.97,0.0,7
42939,2017,15,43.13,23.56,0.0,7
42939,2017,16,44.43,25.97,0.0,7
42939,2017,17,42.41,26.09,0.0,7
42939,2017,18,43.14,26.67,15.8,7
42939,2017,19,43.54,27.99,4.6,7
42939,2017,20,45.19,29.13,0.0,7
42939,2017,21,44.87,29.04,3.6,7
42939,2017,22,41.59,27.59,33.5,7
42939,2017,23,37.86,25.76,46.0,7
42939,2017,24,37.0,25.9,39.4,7
42939,2017,25,37.6,25.4,56.8,7
42939,2017,26,32.39,24.6,96.0,7
42939,2017,27,34.09,25.54,18.6,7
42939,2017,28,29.9,24.47,22.3,7
42939,2017,29,30.67,24.27,102.9,7
42939,2017,30,31.01,23.57,39.6,7
42939,2017,31,32.63,24.64,7.0,7
42939,2017,32,31.11,24.1,26.8,7
42939,2017,33,32.9,24.07,69.6,7
42939,2017,34,31.43,24.19,28.5,7
42939,2017,35,31.67,24.24,27.8,7
42939,2017,36,34.07,24.73,3.4,7
42939,2017,37,32.76,23.74,87.0,7
42939,2017,38,32.44,22.51,40.3,7
42939,2017,39,35.19,23.63,1.4,7
42939,2017,40,33.63,23.03,15.6,7
42939,2017,41,32.73,23.67,0.2,7
42939,2017,42,34.83,21.7,1.9,7
42939,2017,43,33.6,17.07,0.0,7
42939,2017,44,31.9,16.11,0.0,7
42939,2017,45,31.31,15.09,0.0,7
42939,2017,46,31.61,18.33,0.0,7
42939,2017,47,31.29,16.44,0.0,7
42939,2017,48,30.27,12.21,0.0,7
42939,2017,49,30.27,14.63,0.0,7
42939,2017,50,30.83,14.83,0.0,7
42939,2017,51,29.87,11.3,0.0,7
42939,2017,52,29.68,10.08,0.0,5
42939,2018,1,29.54,11.43,0.0,7
42939,2018,2,30.33,13.16,0.0,7
42939,2018,3,31.56,13.01,0.0,7
42939,2018,4,30.73,12.01,0.0,7
42939,2018,5,33.73,12.8,0.0,7
42939,2018,6,31.19,16.39,0.0,7
42939,2018,7,30.76,14.87,19.8,7
42939,2018,8,35.39,18.37,0.0,7
42939,2018,9,37.4,19.64,0.0,7
42939,2018,10,35.63,21.61,0.0,7
42939,2018,11,36.26,20.04,1.9,7
42939,2018,12,39.13,21.54,0.0,7
42939,2018,13,41.66,21.03,0.0,7
42939,2018,14,40.79,23.97,0.0,7
42939,2018,15,39.41,23.59,14.8,7
42939,2018,16,43.29,24.84,10.6,7
42939,2018,17,43.96,24.64,0.0,7
42939,2018,18,43.67,26.89,9.8,7
42939,2018,19,44.73,29.59,0.0,7
42939,2018,20,44.9,30.1,0.0,7
42939,2018,21,44.21,29.97,0.2,7
42939,2018,22,44.03,29.0,28.5,7
42939,2018,23,37.64,24.81,106.6,7
42939,2018,24,38.1,26.96,35.3,7
42939,2018,25,37.73,26.29,58.56,7
42939,2018,26,32.67,24.04,116.9,7
42939,2018,27,31.5,23.51,147.7,7
42939,2018,28,28.39,23.97,71.8,7
42939,2018,29,29.73,24.17,18.7,7
42939,2018,30,29.4,23.51,25.1,7
42939,2018,31,34.03,24.21,15.4,7
42939,2018,32,30.63,23.81,48.4,7
42939,2018,33,30.54,23.94,74.7,7
42939,2018,34,29.64,23.09,98.2,7
42939,2018,35,29.24,22.91,40.5,7
42939,2018,36,29.26,21.39,23.1,7
42939,2018,37,34.43,22.03,4.0,7
42939,2018,38,33.41,23.2,126.8,7
42939,2018,39,34.73,23.34,81.5,7
42939,2018,40,35.03,21.34,0.0,7
42939,2018,41,35.04,20.3,0.0,7
42939,2018,42,35.23,19.51,0.0,7
42939,2018,43,34.96,18.29,0.0,7
42939,2018,44,32.73,18.1,0.0,7
42939,2018,45,33.69,17.84,0.0,7
42939,2018,46,33.47,14.51,0.0,7
42939,2018,47,32.23,17.37,0.0,7
42939,2018,48,30.13,13.87,0.0,7
42939,2018,49,28.89,16.73,0.0,7
42939,2018,50,28.04,15.89,3.8,7
42939,2018,51,26.71,12.49,2.4,7
42939,2018,52,27.61,10.9,0.0,7
42939,2018,53,28.0,7.6,0.0,1
42939,2019,1,30.13,11.89,0.0,7
42939,2019,2,28.43,12.49,0.0,7
42939,2019,3,30.63,12.06,0.0,7
42939,2019,4,28.01,15.59,8.8,7
42939,2019,5,29.2,11.7,0.0,7
42939,2019,6,30.47,14.11,0.0,7
42939,2019,7,33.34,16.07,0.0,7
42939,2019,8,36.11,19.54,0.0,7
42939,2019,9,33.33,16.79,0.0,7
42939,2019,10,35.97,18.76,0.0,7
42939,2019,11,38.1,22.73,0.0,7
42939,2019,12,32.67,22.14,2.2,7
42939,2019,13,41.66,24.23,0.0,7
42939,2019,14,42.61,25.36,0.0,7
42939,2019,15,43.23,26.69,0.0,7
42939,2019,16,39.47,23.87,4.2,7
42939,2019,17,45.2,27.37,0.0,7
42939,2019,18,44.19,27.79,0.0,7
42939,2019,19,44.53,28.81,0.0,7
42939,2019,20,44.59,28.83,0.0,7
42939,2019,21,45.99,31.09,0.0,7
42939,2019,22,46.51,31.81,0.0,7
42939,2019,23,45.99,25.17,11.4,7
42939,2019,24,42.66,30.37,9.9,7
42939,2019,25,40.01,26.96,20.6,7
42939,2019,26,36.77,24.24,96.1,7
42939,2019,27,31.16,23.93,42.4,7
42939,2019,28,34.91,25.67,33.2,7
42939,2019,29,36.13,25.83,43.8,7
42939,2019,30,30.91,24.6,110.0,7
42939,2019,31,27.84,23.26,222.0,7
42939,2019,32,29.83,23.91,160.1,7
42939,2019,33,31.39,24.43,20.4,7
42939,2019,34,29.87,23.99,105.2,7
42939,2019,35,30.86,24.6,34.9,7
42939,2019,36,29.57,24.64,77.4,7
42939,2019,37,29.37,23.99,23.2,7
42939,2019,38,31.97,24.31,54.1,7
42939,2019,39,31.11,23.99,58.6,7
42939,2019,40,32.9,23.24,31.6,7
42939,2019,41,32.7,22.21,0.0,7
42939,2019,42,31.31,21.53,3.9,7
42939,2019,43,29.76,22.16,38.3,7
42939,2019,44,31.53,22.7,0.0,7
42939,2019,45,32.13,20.71,0.0,7
42939,2019,46,30.6,16.6,0.0,7
42939,2019,47,31.04,16.54,0.0,7
42939,2019,48,30.64,17.13,0.0,7
42939,2019,49,29.21,14.84,0.0,7
42939,2019,50,30.14,16.61,0.0,7
42939,2019,51,28.37,16.16,0.0,7
42939,2019,52,26.73,13.13,0.0,7
42939,2019,53,25.0,15.7,0.0,1
42939,2020,1,23.83,14.2,23.4,7
42939,2020,2,26.64,12.34,5.6,7
42939,2020,3,27.49,15.53,0.0,7
42939,2020,4,30.54,16.24,0.4,7
42939,2020,5,27.61,15.39,1.4,7
42939,2020,6,27.23,14.91,0.0,7
42939,2020,7,32.8,15.27,0.0,7
42939,2020,8,33.63,16.83,0.0,7
42939,2020,9,33.87,16.46,0.0,7
42939,2020,10,34.43,19.76,9.0,7
42939,2020,11,34.86,20.83,26.8,7
42939,2020,12,36.07,20.67,4.6,7
42939,2020,13,38.14,22.23,18.0,7
42939,2020,14,39.46,23.37,1.8,7
42939,2020,15,41.19,24.71,0.0,7
42939,2020,16,41.3,24.76,0.0,7
42939,2020,17,40.74,25.66,12.0,7
42939,2020,18,42.93,27.09,0.0,7
42939,2020,19,41.49,25.27,13.2,7
42939,2020,20,42.36,26.53,24.4,7
42939,2020,21,45.54,28.77,0.0,7
42939,2020,22,37.29,26.89,97.8,7
42939,2020,23,38.89,25.73,28.0,7
42939,2020,24,34.3,25.06,65.1,7
42939,2020,25,34.43,25.66,23.3,7
42939,2020,26,36.16,25.09,83.3,7
42939,2020,27,32.77,24.91,107.6,7
42939,2020,28,32.39,24.7,96.8,7
42939,2020,29,33.09,25.87,95.3,7
42939,2020,30,33.69,24.84,103.3,7
42939,2020,31,32.41,25.03,107.7,7
42939,2020,32,29.53,24.63,42.7,7
42939,2020,33,27.56,23.71,66.8,7
42939,2020,34,30.44,24.13,65.4,7
42939,2020,35,31.3,23.73,48.9,7
42939,2020,36,34.74,24.64,53.4,7
42939,2020,37,33.2,24.71,51.3,7
42939,2020,38,31.59,24.37,116.0,7
42939,2020,39,33.56,24.13,20.1,7
42939,2020,40,33.6,22.2,10.6,7
42939,2020,41,32.6,24.29,22.4,7
42939,2020,42,33.3,23.8,22.8,7
42939,2020,43,33.56,20.96,2.2,7
42939,2020,44,32.21,17.2,0.0,7
42939,2020,45,30.91,13.97,0.0,7
42939,2020,46,33.36,19.07,0.0,7
42939,2020,47,29.66,16.46,12.2,7
42939,2020,48,30.14,16.37,0.0,7
42939,2020,49,31.37,13.74,0.0,7
42939,2020,50,29.47,18.54,0.0,7
42939,2020,51,28.51,11.33,0.0,7
42939,2020,52,29.26,12.89,0.0,7
42939,2021,1,29.14,16.59,0.0,7
42939,2021,2,30.3,16.83,0.0,7
42939,2021,3,31.66,15.3,0.0,7
42939,2021,4,32.09,15.69,0.0,7
42939,2021,5,29.9,11.97,0.0,7
42939,2021,6,31.23,13.54,0.0,7
42939,2021,7,32.06,17.36,4.3,7
42939,2021,8,32.56,16.11,0.0,7
42939,2021,9,37.96,18.03,0.0,7
42939,2021,10,38.83,19.46,0.0,7
42939,2021,11,36.94,21.29,2.4,7
42939,2021,12,35.34,20.29,35.4,7
42939,2021,13,40.99,21.97,0.0,7
42939,2021,14,41.41,23.41,0.0,7
42939,2021,15,38.61,22.69,0.0,7
42939,2021,16,41.09,24.3,0.0,7
42939,2021,17,42.3,24.61,0.8,7
42939,2021,18,40.37,26.63,7.2,7
42939,2021,19,40.93,26.84,2.1,7
42939,2021,20,39.34,26.9,4.8,7
42939,2021,21,42.01,28.11,2.8,7
42939,2021,22,37.21,25.94,25.6,7
42939,2021,23,34.14,23.64,88.6,7
42939,2021,24,34.63,24.3,18.6,7
42939,2021,25,33.47,24.64,34.6,7
42939,2021,26,35.57,26.04,64.2,7
42939,2021,27,34.16,24.8,100.0,7
42939,2021,28,33.01,25.36,8.6,7
42939,2021,29,28.69,23.83,69.0,7
42939,2021,30,29.34,23.91,12.7,7
42939,2021,31,32.51,24.74,0.0,7
42939,2021,32,32.49,24.44,85.8,7
42939,2021,33,30.54,24.53,16.6,7
42939,2021,34,31.93,24.16,112.6,7
42939,2021,35,31.1,23.76,156.4,7
42939,2021,36,30.97,24.11,56.7,7
42939,2021,37,30.56,24.51,56.4,7
42939,2021,38,31.13,24.06,64.4,7
42939,2021,39,33.59,24.71,0.0,7
42939,2021,40,34.51,22.87,0.0,7
42939,2021,41,32.27,22.21,23.5,7
42939,2021,42,32.69,17.99,0.0,7
42939,2021,43,31.21,16.99,0.0,7
42939,2021,44,31.01,16.06,0.0,7
42939,2021,45,31.14,20.87,0.0,7
42939,2021,46,32.33,22.0,0.0,7
42939,2021,47,30.19,15.31,0.0,7
42939,2021,48,29.41,17.8,0.0,7
42939,2021,49,28.73,14.84,0.0,7
42939,2021,50,27.23,10.93,0.0,7
42939,2021,51,29.11,14.53,0.0,7
42939,2021,52,24.0,13.4,0.0,1
42939,2022,1,24.83,12.5,0.0,7
42939,2022,2,22.37,16.46,14.0,7
42939,2022,3,26.83,13.51,1.4,7
42939,2022,4,26.33,11.07,0.0,7
42939,2022,5,8.43,11.5,0.0,7
42939,2022,6,0.0,13.83,0.0,7
42939,2022,7,1.69,14.37,0.0,7
42939,2022,8,0.0,16.86,0.0,7
42939,2022,9,20.4,19.43,0.0,7
42939,2022,10,35.76,20.13,0.0,7
42939,2022,11,16.6,21.53,0.0,7
42939,2022,12,11.57,24.2,0.0,7
42939,2022,13,12.07,23.13,0.0,7
42939,2022,14,6.06,26.11,0.0,7
42939,2022,15,6.03,26.14,0.0,7
42939,2022,16,6.31,26.89,0.0,7
42939,2022,17,0.0,27.33,0.0,7
42939,2022,18,12.63,27.97,0.0,7
42939,2022,19,43.56,28.46,0.0,7
42939,2022,20,36.63,30.36,1.2,7
42939,2022,21,35.44,27.56,7.8,7
42939,2022,22,25.37,30.39,3.8,7
42939,2022,23,30.91,30.13,3.2,7
42939,2022,24,32.71,26.47,33.2,7
42939,2022,25,35.9,25.2,16.6,7
42939,2022,26,34.51,25.4,49.0,7
42939,2022,27,30.23,24.0,242.2,7
42939,2022,28,24.74,24.13,218.4,7
42939,2022,29,23.77,23.93,307.6,7
42939,2022,30,24.9,24.49,164.9,7
42939,2022,31,33.87,22.14,23.7,7
42939,2022,32,21.57,24.04,227.2,7
42939,2022,33,30.0,24.4,38.5,7
42939,2022,34,26.64,24.64,0.0,7
42939,2022,35,29.3,25.57,42.4,7
42939,2022,36,27.01,24.6,75.5,7
42939,2022,37,30.33,23.66,147.7,7
42939,2022,38,31.47,20.56,36.8,7
42939,2022,39,33.23,23.56,1.8,7
42939,2022,40,32.93,24.06,22.5,7
42939,2022,41,31.16,22.77,49.6,7
42939,2022,42,31.59,20.94,40.4,7
42939,2022,43,31.73,16.21,0.0,7
42939,2022,44,0.0,17.04,0.0,7
42939,2022,45,0.0,16.56,0.0,7
42939,2022,46,4.29,15.09,0.0,7
42939,2022,47,0.0,13.14,0.0,7
42939,2022,48,21.53,14.6,0.0,7
42939,2022,49,29.29,16.09,0.0,7
42939,2022,50,31.14,18.29,12.2,7
42939,2022,51,31.1,14.46,0.0,7
42939,2022,52,31.64,16.66,0.0,5
42939,2023,1,26.37,14.31,5.6,7
42939,2023,2,30.06,11.5,0.0,7
42939,2023,3,30.04,15.06,0.0,7
42939,2023,4,31.17,16.01,0.0,7
42939,2023,5,31.46,15.3,0.0,7
42939,2023,6,33.54,13.96,0.0,7
42939,2023,7,34.81,15.36,0.0,7
42939,2023,8,31.33,16.54,0.0,7
42939,2023,9,15.64,19.01,0.0,7
42939,2023,10,14.4,18.6,0.0,7
42939,2023,11,0.0,20.07,1.0,7
42939,2023,12,15.86,20.69,3.0,7
42939,2023,13,16.96,21.87,0.0,7
42939,2023,14,11.4,23.44,16.6,7
42939,2023,15,28.56,24.67,1.4,7
42939,2023,16,12.01,24.04,15.7,7
42939,2023,17,5.43,17.24,67.8,7
42939,2023,18,0.0,23.46,21.6,7
42939,2023,19,0.0,25.01,0.0,7
42939,2023,20,0.0,27.67,0.0,7
42939,2023,21,0.0,27.13,0.0,7
42939,2023,22,0.0,26.74,3.0,7
42939,2023,23,12.51,29.11,0.0,7
42939,2023,24,36.0,29.33,5.0,7
42939,2023,25,36.91,22.56,21.0,7
42939,2023,26,27.54,24.73,1.2,7
42939,2023,27,29.89,25.21,94.4,7
42939,2023,28,21.17,24.23,47.2,7
42939,2023,29,29.19,24.57,195.6,7
42939,2023,30,31.34,24.54,140.8,7
42939,2023,31,30.26,24.2,40.4,7
42939,2023,32,32.51,23.97,0.0,7
42939,2023,33,29.64,23.59,215.8,7
42939,2023,34,31.4,23.84,3.4,7
42939,2023,35,34.36,24.34,61.8,7
42939,2023,36,27.3,24.43,122.0,7
42939,2023,37,25.83,23.63,42.7,7
42939,2023,38,31.56,24.04,123.1,7
42939,2023,39,28.34,23.99,37.4,7
42939,2023,40,30.0,21.89,0.0,7
42939,2023,41,30.57,22.33,0.0,7
42939,2023,42,33.56,21.04,6.8,7
42939,2023,43,32.4,17.03,0.0,7
42939,2023,44,31.86,18.2,0.0,7
42939,2023,45,33.06,18.0,0.0,7
42939,2023,46,31.3,17.17,0.0,7
42939,2023,47,30.9,17.93,1.4,7
42939,2023,48,26.81,19.14,51.3,7
42939,2023,49,26.67,17.69,2.2,7
42939,2023,50,28.36,14.31,0.0,7
42939,2023,51,27.4,12.43,0.0,7
42939,2023,52,24.42,14.67,0.0,6
42939,2024,1,28.26,16.04,0.0,7
42939,2024,2,29.86,17.39,0.0,7
42939,2024,3,30.01,16.09,0.0,7
42939,2024,4,28.21,13.41,0.0,7
42939,2024,5,26.49,16.0,0.0,7
42939,2024,6,31.99,16.97,0.0,7
42939,2024,7,32.4,19.0,0.0,7
42939,2024,8,34.5,17.97,0.0,7
42939,2024,9,34.56,21.2,0.0,7
42939,2024,10,36.34,19.69,0.0,7
42939,2024,11,38.49,21.44,0.0,7
42939,2024,12,36.64,19.84,13.0,7
42939,2024,13,40.84,24.59,0.0,7
42939,2024,14,41.34,25.81,0.0,7
42939,2024,15,34.43,21.74,55.6,7
42939,2024,16,41.36,26.0,4.6,7
42939,2024,17,39.93,25.04,14.0,7
42939,2024,18,42.29,25.23,0.0,7
42939,2024,19,40.91,26.66,16.2,7
42939,2024,20,39.16,22.43,0.0,7
42939,2024,21,43.33,29.71,1.1,7
42939,2024,22,44.31,30.87,0.0,7
42939,2024,23,40.6,27.41,19.2,7
42939,2024,24,39.64,27.29,3.6,7
42939,2024,25,36.43,25.23,42.6,7
42939,2024,26,34.26,25.53,127.2,7
42939,2024,27,33.34,25.11,12.8,7
42939,2024,28,33.39,25.67,80.8,7
42939,2024,29,29.16,25.03,323.2,7
42939,2024,30,27.06,24.21,217.7,7
42939,2024,31,29.43,24.01,98.6,7
42939,2024,32,30.17,24.31,41.4,7
42939,2024,33,32.91,25.21,8.0,7
42939,2024,34,31.96,24.3,35.2,7
42939,2024,35,32.34,24.57,97.4,7
42939,2024,36,32.21,24.64,25.0,7
42939,2024,37,31.77,23.79,3.4,7
42939,2024,38,33.56,24.36,51.4,7
42939,2024,39,32.06,24.87,119.6,7
42939,2024,40,35.2,24.4,0.0,7
42939,2024,41,33.54,24.53,22.0,7
42939,2024,42,33.46,24.04,11.8,7
42939,2024,43,33.64,21.11,0.0,7
42939,2024,44,34.31,21.53,0.0,7
42939,2024,45,31.94,19.54,0.0,7
42939,2024,46,30.97,16.41,0.0,7
42939,2024,47,29.11,14.6,0.0,7
42939,2024,48,28.59,14.77,0.0,7
42939,2024,49,31.24,20.1,0.0,7
42939,2024,50,28.61,10.03,0.0,7
42939,2024,51,29.7,13.09,0.0,7
42939,2024,52,29.91,17.77,0.0,7
42939,2024,53,30.9,17.4,0.0,1
42939,2025,1,30.23,12.33,0.0,7
42939,2025,2,27.77,13.17,0.0,7
42939,2025,3,29.56,14.61,0.0,7
42939,2025,4,33.06,14.91,0.0,7
42939,2025,5,35.11,18.14,0.0,7
42939,2025,6,33.51,17.94,0.0,7
42939,2025,7,35.1,16.29,0.0,7
42939,2025,8,35.43,17.79,0.0,7
42939,2025,9,36.61,19.1,0.0,7
42939,2025,10,36.77,17.56,0.0,7
42939,2025,11,40.37,21.97,0.0,7
42939,2025,12,39.06,21.97,0.0,7
42939,2025,13,40.37,23.37,0.0,7
42939,2025,14,37.57,21.96,46.2,7
42939,2025,15,40.37,24.11,18.4,7
42939,2025,16,42.83,26.09,0.0,7
42939,2025,17,42.96,22.13,0.0,7
42939,2025,18,40.67,24.57,27.6,7
42939,2025,19,38.86,25.7,2.9,7
42939,2025,20,39.37,26.4,26.8,7
42939,2025,21,35.0,25.81,63.8,7
42939,2025,22,35.7,26.27,21.4,7
42939,2025,23,40.21,27.14,1.4,7
42939,2025,24,37.86,27.01,9.7,7
42939,2025,25,33.96,25.63,13.6,7
42939,2025,26,30.23,24.13,76.7,7
42939,2025,27,28.7,24.03,60.6,7
42939,2025,28,31.87,24.47,101.6,7
42939,2025,29,33.17,25.57,10.2,7
42939,2025,30,27.86,24.0,159.4,7
42939,2025,31,32.77,24.73,8.8,7
42939,2025,32,32.53,25.21,28.2,7
42939,2025,33,32.16,24.41,183.2,7
42939,2025,34,30.69,23.77,69.8,7
42939,2025,35,31.33,24.56,46.6,7
42939,2025,36,30.83,24.19,38.6,7
42939,2025,37,32.53,24.06,154.6,7
42939,2025,38,34.71,24.51,23.6,7
42939,2025,39,31.69,24.34,27.6,7
42939,2025,40,32.94,23.97,8.0,7
42939,2025,41,33.1,21.13,0.0,7
42939,2025,42,33.24,22.43,0.0,7
42939,2025,43,32.49,22.71,15.4,7
42939,2025,44,32.21,23.69,39.8,7
42939,2025,45,31.44,16.17,0.0,7
42939,2025,46,29.09,12.53,0.0,7
42939,2025,47,30.83,14.4,0.0,7
42939,2025,48,28.83,14.37,0.0,7
42939,2025,49,29.16,11.69,0.0,7
42939,2025,50,29.63,10.74,0.0,7
42939,2025,51,30.09,10.53,0.0,7
42939,2025,52,29.04,11.16,0.0,7
42939,2025,53,30.5,9.6,0.0,1
43029,2015,1,0.0,12.83,55.0,7
43029,2015,2,0.0,10.17,0.0,7
43029,2015,3,0.0,9.27,0.0,7
43029,2015,4,0.0,10.94,0.0,7
43029,2015,5,9.44,11.63,0.0,7
43029,2015,6,32.3,15.36,0.0,7
43029,2015,7,33.23,15.6,0.0,7
43029,2015,8,35.31,19.1,0.0,7
43029,2015,9,34.86,19.73,0.0,7
43029,2015,10,34.86,17.74,1.0,7
43029,2015,11,35.94,18.69,5.1,7
43029,2015,12,38.61,21.23,0.0,7
43029,2015,13,38.17,23.83,1.0,7
43029,2015,14,40.0,23.79,28.0,7
43029,2015,15,34.66,22.14,30.0,7
43029,2015,16,40.46,25.26,0.0,7
43029,2015,17,42.94,24.37,5.3,7
43029,2015,18,43.34,25.29,20.2,7
43029,2015,19,43.07,26.66,20.3,7
43029,2015,20,43.33,26.89,0.0,7
43029,2015,21,46.74,27.29,0.0,7
43029,2015,22,44.63,25.43,38.0,7
43029,2015,23,39.96,25.2,31.4,7
43029,2015,24,34.74,24.91,183.8,7
43029,2015,25,30.6,23.83,100.2,7
43029,2015,26,32.74,24.57,19.6,7
43029,2015,27,35.06,28.0,0.0,7
43029,2015,28,34.49,25.86,5.9,7
43029,2015,29,31.91,25.43,31.5,7
43029,2015,30,32.23,24.09,1.2,7
43029,2015,31,29.03,23.43,41.7,7
43029,2015,32,29.23,24.6,198.5,7
43029,2015,33,31.26,24.29,64.0,7
43029,2015,34,32.81,24.06,1.4,7
43029,2015,35,30.13,24.09,40.8,7
43029,2015,36,33.0,24.74,0.8,7
43029,2015,37,31.31,24.56,194.0,7
43029,2015,38,33.8,25.21,1.3,7
43029,2015,39,34.56,24.77,0.0,7
43029,2015,40,34.51,24.06,0.0,7
43029,2015,41,34.69,23.04,0.0,7
43029,2015,42,34.29,23.89,0.0,7
43029,2015,43,32.89,22.93,5.0,7
43029,2015,44,30.71,21.03,0.0,7
43029,2015,45,31.67,20.67,0.0,7
43029,2015,46,32.03,18.97,0.0,7
43029,2015,47,31.86,19.54,0.0,7
43029,2015,48,31.56,20.3,0.0,7
43029,2015,49,30.97,15.07,0.0,7
43029,2015,50,31.51,18.5,0.0,7
43029,2015,51,29.77,15.26,0.0,7
43029,2015,52,33.45,11.35,0.0,4
43029,2016,1,33.37,14.36,0.0,7
43029,2016,2,32.17,16.2,0.0,7
43029,2016,3,30.77,16.26,0.0,7
43029,2016,4,32.23,13.83,0.0,7
43029,2016,5,35.49,16.67,0.0,7
43029,2016,6,34.86,20.71,0.0,7
43029,2016,7,35.47,21.59,0.0,7
43029,2016,8,37.49,23.57,0.0,7
43029,2016,9,36.14,23.49,12.1,7
43029,2016,10,38.49,24.79,0.0,7
43029,2016,11,38.41,24.91,6.0,7
43029,2016,12,41.13,23.57,0.0,7
43029,2016,13,40.06,24.16,0.0,7
43029,2016,14,38.23,24.87,0.0,7
43029,2016,15,37.77,25.69,0.0,7
43029,2016,16,39.3,26.59,0.0,7
43029,2016,17,43.54,29.14,0.0,7
43029,2016,18,40.34,23.14,20.1,7
43029,2016,19,41.83,29.14,1.0,7
43029,2016,20,44.34,31.06,0.0,7
43029,2016,21,44.09,31.91,0.0,7
43029,2016,22,44.2,30.51,1.6,7
43029,2016,23,40.06,27.86,20.0,7
43029,2016,24,39.66,28.69,16.8,7
43029,2016,25,37.26,26.83,21.0,7
43029,2016,26,32.54,24.37,179.0,7
43029,2016,27,30.74,23.16,88.9,7
43029,2016,28,31.63,24.37,36.1,7
43029,2016,29,30.87,24.03,119.8,7
43029,2016,30,31.94,24.03,274.3,7
43029,2016,31,29.66,24.77,45.5,7
43029,2016,32,32.77,24.97,7.8,7
43029,2016,33,32.46,24.43,5.0,7
43029,2016,34,34.46,24.74,6.2,7
43029,2016,35,34.06,25.09,30.0,7
43029,2016,36,32.63,24.49,36.6,7
43029,2016,37,31.36,23.6,74.9,7
43029,2016,38,33.31,24.6,129.0,7
43029,2016,39,30.71,23.37,49.3,7
43029,2016,40,32.34,23.44,23.7,7
43029,2016,41,33.29,21.26,0.0,7
43029,2016,42,32.91,18.57,0.0,7
43029,2016,43,32.86,18.73,0.0,7
43029,2016,44,32.59,18.31,0.0,7
43029,2016,45,31.03,14.26,0.0,7
43029,2016,46,30.3,15.09,0.0,7
43029,2016,47,31.17,13.34,0.0,7
43029,2016,48,30.77,15.03,0.0,7
43029,2016,49,29.71,12.43,0.0,7
43029,2016,50,30.91,14.73,0.0,7
43029,2016,51,30.03,10.4,0.0,7
43029,2016,52,30.43,11.07,0.0,6
43029,2017,1,30.86,13.07,0.0,7
43029,2017,2,28.66,13.31,0.0,7
43029,2017,3,30.57,13.43,0.0,7
43029,2017,4,32.66,15.77,0.0,7
43029,2017,5,33.4,15.63,0.0,7
43029,2017,6,34.43,17.37,0.0,7
43029,2017,7,33.57,17.6,0.0,7
43029,2017,8,37.06,17.6,0.0,7
43029,2017,9,36.43,17.83,0.0,7
43029,2017,10,35.86,21.26,5.0,7
43029,2017,11,36.43,19.03,2.2,7
43029,2017,12,38.3,22.6,0.0,7
43029,2017,13,42.86,25.2,0.0,7
43029,2017,14,42.94,26.37,0.0,7
43029,2017,15,42.89,23.29,0.0,7
43029,2017,16,45.51,26.0,0.0,7
43029,2017,17,43.86,25.06,0.0,7
43029,2017,18,43.77,27.11,0.0,7
43029,2017,19,44.4,27.6,0.0,7
43029,2017,20,45.56,28.14,0.0,7
43029,2017,21,46.69,29.03,0.0,7
43029,2017,22,41.23,27.11,25.8,7
43029,2017,23,40.0,26.29,13.1,7
43029,2017,24,35.8,24.94,163.0,7
43029,2017,25,36.33,24.57,21.3,7
43029,2017,26,32.46,25.09,69.4,7
43029,2017,27,32.66,26.49,24.5,7
43029,2017,28,29.89,24.51,198.4,7
43029,2017,29,32.63,25.46,42.8,7
43029,2017,30,34.34,25.97,6.0,7
43029,2017,31,31.14,25.63,69.7,7
43029,2017,32,32.46,25.29,25.6,7
43029,2017,33,31.69,26.17,75.7,7
43029,2017,34,30.09,25.33,59.3,7
43029,2017,35,34.34,25.6,31.8,7
43029,2017,36,34.43,25.9,21.1,7
43029,2017,37,33.31,25.74,59.5,7
43029,2017,38,33.41,24.73,6.8,7
43029,2017,39,34.51,25.4,5.0,7
43029,2017,40,32.61,25.14,49.9,7
43029,2017,41,34.37,24.23,10.0,7
43029,2017,42,34.69,22.73,0.0,7
43029,2017,43,33.2,20.26,0.0,7
43029,2017,44,31.74,18.29,0.0,7
43029,2017,45,31.34,18.26,0.0,7
43029,2017,46,31.66,21.6,0.0,7
43029,2017,47,31.6,16.23,0.0,7
43029,2017,48,30.0,15.93,0.0,7
43029,2017,49,31.29,15.89,0.0,7
43029,2017,50,31.23,14.6,0.0,7
43029,2017,51,30.69,13.06,0.0,7
43029,2017,52,30.87,10.73,0.0,3
43029,2018,1,30.83,10.79,0.0,7
43029,2018,2,30.94,11.34,0.0,7
43029,2018,3,32.14,12.09,0.0,7
43029,2018,4,31.17,11.86,0.0,7
43029,2018,5,35.89,17.03,0.0,7
43029,2018,6,36.43,23.06,0.0,7
43029,2018,7,35.51,22.6,4.4,7
43029,2018,8,39.29,23.03,0.0,7
43029,2018,9,41.76,24.31,0.0,7
43029,2018,10,41.09,26.2,0.0,7
43029,2018,11,40.73,25.54,9.8,7
43029,2018,12,44.76,27.43,0.0,7
43029,2018,13,44.99,27.89,0.0,7
43029,2018,14,44.03,28.4,8.1,7
43029,2018,15,45.59,29.19,0.0,7
43029,2018,16,46.34,30.57,0.0,7
43029,2018,17,44.63,29.0,30.2,7
43029,2018,18,42.69,28.37,65.5,7
43029,2018,19,36.77,25.8,72.8,7
43029,2018,20,39.51,28.06,15.7,7
43029,2018,21,37.14,27.04,72.96,7
43029,2018,22,34.03,24.94,106.4,7
43029,2018,23,30.89,24.6,200.3,7
43029,2018,24,28.09,24.43,141.6,7
43029,2018,25,30.63,25.14,66.9,7
43029,2018,26,32.0,25.6,17.8,7
43029,2018,27,34.29,26.51,15.4,7
43029,2018,28,30.31,25.09,81.3,7
43029,2018,29,28.03,24.63,152.4,7
43029,2018,30,30.43,24.26,89.0,7
43029,2018,31,31.14,24.66,21.5,7
43029,2018,32,31.66,23.57,41.7,7
43029,2018,33,35.37,25.2,7.2,7
43029,2018,34,32.37,24.63,30.8,7
43029,2018,35,35.21,25.63,22.8,7
43029,2018,36,35.34,24.86,0.0,7
43029,2018,37,35.0,22.83,0.0,7
43029,2018,38,35.41,22.43,0.0,7
43029,2018,39,34.31,20.43,0.0,7
43029,2018,40,33.14,21.29,0.0,7
43029,2018,41,34.37,20.49,0.0,7
43029,2018,42,34.2,17.97,0.0,7
43029,2018,43,33.49,18.6,0.0,7
43029,2018,44,30.89,15.57,0.0,7
43029,2018,45,30.29,19.03,8.9,7
43029,2018,46,27.71,17.77,9.0,7
43029,2018,47,28.34,11.17,15.1,7
43029,2018,48,27.86,9.74,0.0,7
43029,2019,1,31.09,10.29,0.0,7
43029,2019,2,29.66,11.74,0.0,7
43029,2019,3,30.86,12.66,0.0,7
43029,2019,4,25.8,11.97,73.0,7
43029,2019,5,29.86,12.0,0.0,7
43029,2019,6,31.06,14.6,0.0,7
43029,2019,7,33.91,16.46,1.1,7
43029,2019,8,37.09,19.49,0.0,7
43029,2019,9,39.49,23.54,0.0,7
43029,2019,10,43.54,28.14,0.0,7
43029,2019,11,43.34,27.31,3.0,7
43029,2019,12,42.44,27.51,0.0,7
43029,2019,13,46.14,30.83,0.0,7
43029,2019,14,44.94,29.8,0.0,7
43029,2019,15,45.51,30.6,0.0,7
43029,2019,16,46.03,31.09,0.0,7
43029,2019,17,46.74,31.79,0.0,7
43029,2019,18,44.86,31.83,8.0,7
43029,2019,19,45.34,31.86,17.5,7
43029,2019,20,42.94,31.29,0.0,7
43029,2019,21,39.34,27.46,51.8,7
43029,2019,22,31.37,24.09,171.4,7
43029,2019,23,32.34,25.03,104.9,7
43029,2019,24,36.43,27.17,1.5,7
43029,2019,25,35.63,27.09,22.8,7
43029,2019,26,26.57,24.26,283.2,7
43029,2019,27,26.8,24.2,150.1,7
43029,2019,28,30.51,24.79,110.0,7
43029,2019,29,32.2,27.29,27.9,7
43029,2019,30,30.23,24.54,62.3,7
43029,2019,31,30.23,24.63,116.3,7
43029,2019,32,29.29,24.74,100.6,7
43029,2019,33,31.43,24.66,67.5,7
43029,2019,34,32.89,24.77,60.9,7
43029,2019,35,33.46,24.6,75.7,7
43029,2019,36,33.4,25.17,0.0,7
43029,2019,37,33.2,20.0,0.0,7
43029,2019,38,31.49,23.03,49.3,7
43029,2019,39,31.31,23.31,8.0,7
43029,2019,40,27.49,14.6,0.0,7
43029,2019,41,25.94,13.29,0.0,7
43029,2019,42,25.6,5.48,0.0,4
43029,2020,1,26.66,12.47,0.0,7
43029,2020,2,23.87,13.24,0.0,7
43029,2020,3,29.37,15.83,0.0,7
43029,2020,4,31.17,15.76,0.0,7
43029,2020,5,29.63,15.09,0.0,7
43029,2020,6,28.94,15.33,0.0,7
43029,2020,7,33.37,14.39,0.0,7
43029,2020,8,28.93,17.44,0.0,7
43029,2020,9,24.41,16.31,0.0,7
43029,2020,10,34.63,19.2,0.0,7
43029,2020,11,29.4,20.57,0.0,7
43029,2020,12,36.81,19.83,0.0,7
43029,2020,13,37.71,20.0,0.0,7
43029,2020,14,33.4,20.29,0.0,7
43029,2020,15,40.3,22.43,0.0,7
43029,2020,16,34.67,22.71,0.0,7
43029,2020,17,35.4,23.43,0.0,7
43029,2020,18,42.77,24.43,0.0,7
43029,2020,19,41.31,23.04,0.0,7
43029,2020,20,35.36,23.39,15.5,7
43029,2020,21,45.27,23.79,0.0,7
43029,2020,22,34.59,24.77,0.1,7
43029,2020,23,38.33,22.5,93.0,7
43029,2020,24,36.16,21.59,80.5,7
43029,2020,25,34.86,19.06,4.7,7
43029,2020,26,36.3,22.54,106.3,7
43029,2020,27,33.4,20.93,107.5,7
43029,2020,28,28.87,17.63,87.2,7
43029,2020,29,32.94,20.26,67.8,7
43029,2020,30,35.0,20.54,44.5,7
43029,2020,31,34.03,19.8,48.8,7
43029,2020,32,31.6,20.09,64.6,7
43029,2020,33,28.77,19.0,76.4,7
43029,2020,34,31.39,19.71,40.2,7
43029,2020,35,32.23,20.26,69.6,7
43029,2020,36,33.46,20.8,36.0,7
43029,2020,37,34.49,20.63,58.4,7
43029,2020,38,33.09,20.06,102.8,7
43029,2020,39,33.94,20.03,36.5,7
43029,2020,40,34.11,19.31,5.0,7
43029,2020,41,32.59,19.49,47.0,7
43029,2020,42,33.61,19.91,4.0,7
43029,2020,43,24.53,18.03,0.0,7
43029,2020,44,32.79,16.31,0.0,7
43029,2020,45,31.7,10.7,0.0,7
43029,2020,46,32.94,16.21,0.0,7
43029,2020,47,32.91,17.46,0.0,7
43029,2020,48,32.2,18.17,0.0,7
43029,2020,49,32.74,17.77,0.0,7
43029,2020,50,31.2,15.86,0.0,7
43029,2020,51,29.34,14.63,0.0,7
43029,2020,52,28.74,11.66,0.0,7
43029,2020,53,29.5,14.7,0.0,2
43029,2021,1,29.64,15.49,0.0,7
43029,2021,2,31.23,17.51,0.0,7
43029,2021,3,31.31,15.5,0.0,7
43029,2021,4,32.56,16.77,0.0,7
43029,2021,5,31.3,13.87,0.0,7
43029,2021,6,32.13,12.63,0.0,7
43029,2021,7,32.96,17.27,0.0,7
43029,2021,8,33.47,15.8,0.0,7
43029,2021,9,38.94,18.2,0.0,7
43029,2021,10,39.34,19.51,0.0,7
43029,2021,11,38.06,20.49,0.0,7
43029,2021,12,36.6,19.8,0.0,7
43029,2021,13,42.46,20.64,0.0,7
43029,2021,14,42.83,22.66,0.0,7
43029,2021,15,38.49,22.69,0.0,7
43029,2021,16,41.03,23.29,0.0,7
43029,2021,17,41.69,25.74,0.0,7
43029,2021,18,41.31,25.8,0.0,7
43029,2021,19,41.09,27.31,0.0,7
43029,2021,20,39.74,27.31,0.0,7
43029,2021,21,42.11,27.09,0.0,7
43029,2021,22,39.94,27.8,0.0,7
43029,2021,23,34.94,25.06,8.2,7
43029,2021,24,31.54,21.37,154.0,7
43029,2021,25,33.83,24.26,28.0,7
43029,2021,26,33.54,24.16,11.0,7
43029,2021,27,33.77,24.37,0.0,7
43029,2021,28,33.43,23.89,0.0,7
43029,2021,29,31.34,23.94,0.0,7
43029,2021,30,31.4,22.91,0.0,7
43029,2021,31,31.49,23.5,0.0,7
43029,2021,32,33.97,25.14,0.0,7
43029,2021,33,31.97,23.49,0.0,7
43029,2021,34,33.47,23.4,0.0,7
43029,2021,35,32.11,24.16,0.0,7
43029,2021,36,31.31,23.37,0.0,7
43029,2021,37,32.49,23.94,0.0,7
43029,2021,38,30.86,23.29,0.0,7
43029,2021,39,32.74,23.91,0.0,7
43029,2021,40,32.94,24.56,0.0,7
43029,2021,41,34.26,23.97,0.0,7
43029,2021,42,31.66,23.09,0.0,7
43029,2021,43,32.81,20.0,0.0,7
43029,2021,44,31.49,18.34,0.0,7
43029,2021,45,31.63,16.94,0.0,7
43029,2021,46,31.29,22.51,0.0,7
43029,2021,47,31.89,22.46,0.0,7
43029,2021,48,29.6,16.51,0.0,7
43029,2021,49,29.8,16.8,0.0,7
43029,2021,50,28.46,16.1,0.0,7
43029,2021,51,27.19,11.8,0.0,7
43029,2021,52,23.63,15.83,0.0,7
43029,2021,53,25.2,15.2,0.0,1
43029,2022,1,23.89,17.17,39.6,7
43029,2022,2,25.89,14.91,0.0,7
43029,2022,3,22.71,14.03,0.0,7
43029,2022,4,28.63,12.66,0.0,7
43029,2022,5,30.26,14.29,0.0,7
43029,2022,6,30.23,15.37,0.0,7
43029,2022,7,33.06,16.8,0.0,7
43029,2022,8,35.6,18.66,0.0,7
43029,2022,9,36.63,18.54,0.0,7
43029,2022,10,39.11,19.66,0.0,7
43029,2022,11,41.23,21.8,0.0,7
43029,2022,12,42.8,23.43,0.0,7
43029,2022,13,42.51,26.34,0.0,7
43029,2022,14,42.94,26.86,0.0,7
43029,2022,15,43.86,27.4,0.0,7
43029,2022,16,37.43,27.46,0.0,7
43029,2022,17,42.89,28.23,0.0,7
43029,2022,18,43.63,29.47,0.0,7
43029,2022,19,43.37,29.37,0.0,7
43029,2022,20,43.6,27.77,0.0,7
43029,2022,21,44.8,30.46,0.0,7
43029,2022,22,42.89,27.4,5.6,7
43029,2022,23,37.17,26.2,24.0,7
43029,2022,24,33.29,24.89,48.2,7
43029,2022,25,33.66,25.17,43.3,7
43029,2022,26,28.49,23.63,197.7,7
43029,2022,27,27.63,23.03,258.9,7
43029,2022,28,28.69,23.57,135.2,7
43029,2022,29,29.29,24.2,77.2,7
43029,2022,30,28.57,25.77,122.0,7
43029,2022,31,27.57,22.91,131.3,7
43029,2022,32,28.83,24.69,82.9,7
43029,2022,33,31.89,25.29,0.3,7
43029,2022,34,31.66,24.63,32.2,7
43029,2022,35,31.43,24.6,185.9,7
43029,2022,36,30.14,24.53,21.5,7
43029,2022,37,30.74,23.57,24.1,7
43029,2022,38,30.97,24.0,0.0,7
43029,2022,39,29.86,24.11,33.9,7
43029,2022,40,28.31,23.77,35.8,7
43029,2022,41,26.03,20.57,12.1,7
43029,2022,42,31.0,16.77,0.0,7
43029,2022,43,31.09,17.34,0.0,7
43029,2022,44,26.43,17.51,0.0,7
43029,2022,45,18.96,16.09,0.0,7
43029,2022,46,23.14,17.77,0.0,7
43029,2022,47,24.63,18.94,0.0,7
43029,2022,48,22.83,16.17,0.0,7
43029,2022,49,23.44,18.76,0.0,5
43029,2023,1,21.29,16.69,0.0,7
43029,2023,2,22.57,12.29,0.0,7
43029,2023,3,24.8,17.09,0.0,7
43029,2023,4,24.57,16.66,0.0,7
43029,2023,5,11.09,15.83,0.0,7
43029,2023,6,22.14,14.17,0.0,7
43029,2023,7,22.69,15.94,0.0,7
43029,2023,8,28.03,18.8,0.0,7
43029,2023,9,33.34,17.17,0.0,7
43029,2023,10,32.91,20.86,0.0,7
43029,2023,11,28.54,21.57,0.0,7
43029,2023,12,34.74,23.54,0.0,7
43029,2023,13,34.86,24.03,0.0,7
43029,2023,14,24.0,25.46,0.0,7
43029,2023,15,30.63,22.69,18.8,7
43029,2023,16,30.71,22.2,30.2,7
43029,2023,17,32.94,23.77,0.0,7
43029,2023,18,37.63,26.91,0.0,7
43029,2023,19,40.37,27.31,0.0,7
43029,2023,20,36.17,25.83,0.0,7
43029,2023,21,42.6,28.49,2.0,7
43029,2023,22,42.17,30.19,0.0,7
43029,2023,23,37.57,25.6,35.8,7
43029,2023,24,31.17,24.6,9.8,7
43029,2023,25,34.29,24.49,142.6,7
43029,2023,26,29.91,23.8,190.2,7
43029,2023,27,28.97,24.46,130.0,7
43029,2023,28,29.23,24.71,200.6,7
43029,2023,29,30.66,24.74,54.4,7
43029,2023,30,33.51,25.17,6.0,7
43029,2023,31,30.6,24.06,109.0,7
43029,2023,32,33.06,24.71,21.0,7
43029,2023,33,33.97,24.97,64.0,7
43029,2023,34,30.54,24.2,61.2,7
43029,2023,35,30.63,24.17,50.2,7
43029,2023,36,30.6,24.14,172.0,7
43029,2023,37,31.37,24.4,41.2,7
43029,2023,38,34.91,22.49,0.0,7
43029,2023,39,34.8,22.0,0.0,7
43029,2023,40,32.69,20.17,0.0,7
43029,2023,41,31.74,16.63,0.0,7
43029,2023,42,31.77,18.14,0.0,7
43029,2023,43,32.23,17.69,0.0,7
43029,2023,44,31.31,16.71,0.0,7
43029,2023,45,29.94,17.09,31.4,7
43029,2023,46,25.09,17.66,5.0,7
43029,2023,47,25.51,14.97,5.2,7
43029,2023,48,27.97,12.83,0.0,7
43029,2023,49,15.63,10.83,0.0,7
43029,2023,50,0.0,13.44,0.0,5
43029,2024,1,20.4,14.57,0.0,7
43029,2024,2,26.09,13.37,0.0,7
43029,2024,3,12.23,15.91,0.0,7
43029,2024,4,0.0,12.91,0.0,7
43029,2024,5,17.6,13.69,0.0,7
43029,2024,6,18.46,16.31,0.4,7
43029,2024,7,18.83,17.66,0.0,7
43029,2024,8,19.83,17.34,0.0,7
43029,2024,9,10.31,19.06,0.0,7
43029,2024,10,16.11,16.71,0.4,7
43029,2024,11,33.23,20.63,0.0,7
43029,2024,12,36.8,19.23,17.8,7
43029,2024,13,39.8,22.66,0.0,7
43029,2024,14,41.46,22.6,8.8,7
43029,2024,15,34.71,19.71,8.2,7
43029,2024,16,41.63,24.0,0.0,7
43029,2024,17,41.29,23.2,5.2,7
43029,2024,18,43.03,14.11,0.0,7
43029,2024,19,40.57,22.77,48.4,7
43029,2024,20,39.23,22.63,9.2,7
43029,2024,21,42.89,25.97,4.2,7
43029,2024,22,44.31,27.91,2.0,7
43029,2024,23,40.63,27.91,0.0,7
43029,2024,24,40.86,24.49,15.0,7
43029,2024,25,36.16,23.51,73.2,7
43029,2024,26,35.23,24.71,114.0,7
43029,2024,27,34.37,22.6,77.0,7
43029,2024,28,32.46,23.66,197.6,7
43029,2024,29,29.86,23.11,267.2,7
43029,2024,30,27.34,22.77,303.8,7
43029,2024,31,30.86,22.94,57.6,7
43029,2024,32,32.31,23.71,13.6,7
43029,2024,33,34.26,23.91,48.0,7
43029,2024,34,33.43,23.11,98.2,7
43029,2024,35,33.57,23.06,50.6,7
43029,2024,36,32.29,22.49,19.4,7
43029,2024,37,32.77,22.74,40.2,7
43029,2024,38,33.49,22.74,1.0,7
43029,2024,39,31.74,22.26,57.0,7
43029,2024,40,35.03,24.34,0.0,7
43029,2024,41,32.69,23.49,65.0,7
43029,2024,42,34.27,23.09,4.0,7
43029,2024,43,33.23,21.06,0.0,7
43029,2024,44,33.89,20.17,0.0,7
43029,2024,45,32.46,18.11,0.0,7
43029,2024,46,30.91,16.01,0.0,7
43029,2024,47,28.91,14.86,0.0,7
43029,2024,48,29.14,14.14,0.0,7
43029,2024,49,30.74,16.69,0.0,7
43029,2024,50,27.97,11.39,0.0,7
43029,2024,51,29.63,0.0,0.0,7
43029,2024,52,29.89,0.0,2.0,7
43029,2024,53,31.2,0.0,0.0,1
43029,2025,1,29.91,0.0,0.0,7
43029,2025,2,28.66,0.0,0.0,7
43029,2025,3,29.94,0.0,0.0,7
43029,2025,4,32.31,0.0,0.0,7
43029,2025,5,34.43,0.0,0.0,7
43029,2025,6,34.2,0.0,0.0,7
43029,2025,7,30.0,0.0,0.0,7
43029,2025,8,36.03,0.0,0.0,7
43029,2025,9,37.26,0.0,0.0,7
43029,2025,10,37.14,0.0,0.0,7
43029,2025,11,41.31,0.0,0.0,7
43029,2025,12,38.89,0.0,0.0,7
43029,2025,13,41.6,0.0,0.0,7
43029,2025,14,40.23,0.0,0.0,7
43029,2025,15,42.34,0.0,0.0,7
43029,2025,16,44.0,0.0,0.0,7
43029,2025,17,42.96,0.0,2.0,7
43029,2025,18,41.63,3.31,17.0,7
43029,2025,19,39.71,26.77,1.0,7
43029,2025,20,40.83,26.29,4.0,7
43029,2025,21,36.09,24.0,78.0,7
43029,2025,22,37.66,25.69,11.0,7
43029,2025,23,40.17,26.09,56.0,7
43029,2025,24,35.54,25.06,36.0,7
43029,2025,25,35.51,25.94,70.0,7
43029,2025,26,30.71,23.8,91.0,7
43029,2025,27,29.8,23.66,147.0,7
43029,2025,28,32.14,23.94,55.0,7
43029,2025,29,33.63,25.06,22.0,7
43029,2025,30,28.17,24.06,190.0,7
43029,2025,31,33.63,24.83,8.0,7
43029,2025,32,33.4,25.14,39.0,7
43029,2025,33,30.86,24.34,266.0,7
43029,2025,34,31.69,24.97,25.0,7
43029,2025,35,31.51,24.74,195.0,7
43029,2025,36,31.94,24.37,70.0,7
43029,2025,37,32.4,23.6,137.0,7
43029,2025,38,33.8,24.83,13.0,7
43029,2025,39,31.54,24.03,211.0,7
43029,2025,40,32.57,24.54,72.0,7
43029,2025,41,33.6,23.11,0.0,7
43029,2025,42,33.91,23.43,0.0,7
43029,2025,43,32.8,22.97,6.0,7
43029,2025,44,32.29,22.71,86.0,7
43029,2025,45,31.71,18.37,0.0,7
43029,2025,46,30.17,13.31,0.0,7
43029,2025,47,31.34,15.17,0.0,7
43029,2025,48,29.74,15.29,0.0,7
43029,2025,49,30.03,12.86,0.0,7
43029,2025,50,30.37,12.04,0.0,7
43029,2025,51,30.14,12.27,0.0,7
43029,2025,52,30.03,12.16,0.0,7
43029,2025,53,30.4,11.4,0.0,1
